images,label
/content/drive/MyDrive/Datasets/PlasticBag/00000419.jpg,PlasticBag
/content/drive/MyDrive/Datasets/PaperBag/00000324.jpg,PaperBag
/content/drive/MyDrive/Datasets/PaperBag/00000440.jpg,PaperBag
/content/drive/MyDrive/Datasets/PlasticBag/00000034.jpg,PlasticBag
/content/drive/MyDrive/Datasets/PlasticBag/00000365.jpg,PlasticBag
/content/drive/MyDrive/Datasets/GarbageBag/00000121.jpg,GarbageBag
/content/drive/MyDrive/Datasets/PaperBag/00000203.jpg,PaperBag
/content/drive/MyDrive/Datasets/PlasticBag/00000102.jpg,PlasticBag
/content/drive/MyDrive/Datasets/GarbageBag/00000442.jpg,GarbageBag
/content/drive/MyDrive/Datasets/GarbageBag/00000253.jpg,GarbageBag
/content/drive/MyDrive/Datasets/PlasticBag/00000101.jpg,PlasticBag
/content/drive/MyDrive/Datasets/PaperBag/00000162.jpg,PaperBag
/content/drive/MyDrive/Datasets/PaperBag/00000335.jpg,PaperBag
/content/drive/MyDrive/Datasets/PlasticBag/00000180.jpg,PlasticBag
/content/drive/MyDrive/Datasets/PaperBag/00000432.jpg,PaperBag
/content/drive/MyDrive/Datasets/GarbageBag/00000186.jpg,GarbageBag
/content/drive/MyDrive/Datasets/PaperBag/00000451.jpg,PaperBag
/content/drive/MyDrive/Datasets/GarbageBag/00000054.jpg,GarbageBag
/content/drive/MyDrive/Datasets/PlasticBag/00000009.jpg,PlasticBag
/content/drive/MyDrive/Datasets/PaperBag/00000271.jpg,PaperBag
/content/drive/MyDrive/Datasets/PaperBag/00000319.jpg,PaperBag
/content/drive/MyDrive/Datasets/GarbageBag/00000364.jpg,GarbageBag
/content/drive/MyDrive/Datasets/GarbageBag/00000355.jpg,GarbageBag
/content/drive/MyDrive/Datasets/PaperBag/00000173.jpg,PaperBag
/content/drive/MyDrive/Datasets/PlasticBag/00000032.jpg,PlasticBag
/content/drive/MyDrive/Datasets/PlasticBag/00000290.jpg,PlasticBag
/content/drive/MyDrive/Datasets/GarbageBag/00000283.jpg,GarbageBag
/content/drive/MyDrive/Datasets/PlasticBag/00000135.jpg,PlasticBag
/content/drive/MyDrive/Datasets/PaperBag/00000193.jpg,PaperBag
/content/drive/MyDrive/Datasets/PaperBag/00000095.jpg,PaperBag
/content/drive/MyDrive/Datasets/GarbageBag/00000498.jpg,GarbageBag
/content/drive/MyDrive/Datasets/PlasticBag/00000436.jpg,PlasticBag
/content/drive/MyDrive/Datasets/GarbageBag/00000269.jpg,GarbageBag
/content/drive/MyDrive/Datasets/PaperBag/00000298.jpg,PaperBag
/content/drive/MyDrive/Datasets/PlasticBag/00000497.jpg,PlasticBag
/content/drive/MyDrive/Datasets/PaperBag/00000154.jpg,PaperBag
/content/drive/MyDrive/Datasets/PlasticBag/00000104.jpg,PlasticBag
/content/drive/MyDrive/Datasets/PaperBag/00000071.jpg,PaperBag
/content/drive/MyDrive/Datasets/PlasticBag/00000161.jpg,PlasticBag
/content/drive/MyDrive/Datasets/PaperBag/00000476.jpg,PaperBag
/content/drive/MyDrive/Datasets/GarbageBag/00000386.jpg,GarbageBag
/content/drive/MyDrive/Datasets/PaperBag/00000388.jpg,PaperBag
/content/drive/MyDrive/Datasets/PlasticBag/00000092.jpg,PlasticBag
/content/drive/MyDrive/Datasets/GarbageBag/00000372.jpg,GarbageBag
/content/drive/MyDrive/Datasets/PlasticBag/00000208.jpg,PlasticBag
/content/drive/MyDrive/Datasets/GarbageBag/00000197.jpg,GarbageBag
/content/drive/MyDrive/Datasets/PaperBag/00000026.jpg,PaperBag
/content/drive/MyDrive/Datasets/GarbageBag/00000198.jpg,GarbageBag
/content/drive/MyDrive/Datasets/PaperBag/00000167.jpg,PaperBag
/content/drive/MyDrive/Datasets/GarbageBag/00000241.jpg,GarbageBag
/content/drive/MyDrive/Datasets/GarbageBag/00000175.jpg,GarbageBag
/content/drive/MyDrive/Datasets/PaperBag/00000257.jpg,PaperBag
/content/drive/MyDrive/Datasets/PaperBag/00000489.jpg,PaperBag
/content/drive/MyDrive/Datasets/PlasticBag/00000159.jpg,PlasticBag
/content/drive/MyDrive/Datasets/PlasticBag/00000255.jpg,PlasticBag
/content/drive/MyDrive/Datasets/GarbageBag/00000407.jpg,GarbageBag
/content/drive/MyDrive/Datasets/PlasticBag/00000113.jpg,PlasticBag
/content/drive/MyDrive/Datasets/PlasticBag/00000330.jpg,PlasticBag
/content/drive/MyDrive/Datasets/PlasticBag/00000315.jpg,PlasticBag
/content/drive/MyDrive/Datasets/PaperBag/00000282.jpg,PaperBag
/content/drive/MyDrive/Datasets/PlasticBag/00000028.jpg,PlasticBag
/content/drive/MyDrive/Datasets/PaperBag/00000380.jpg,PaperBag
/content/drive/MyDrive/Datasets/GarbageBag/00000108.jpg,GarbageBag
/content/drive/MyDrive/Datasets/PlasticBag/00000218.jpg,PlasticBag
/content/drive/MyDrive/Datasets/GarbageBag/00000080.jpg,GarbageBag
/content/drive/MyDrive/Datasets/PlasticBag/00000311.jpg,PlasticBag
/content/drive/MyDrive/Datasets/PlasticBag/00000035.jpg,PlasticBag
/content/drive/MyDrive/Datasets/PaperBag/00000486.jpg,PaperBag
/content/drive/MyDrive/Datasets/PlasticBag/00000193.jpg,PlasticBag
/content/drive/MyDrive/Datasets/GarbageBag/00000199.jpg,GarbageBag
/content/drive/MyDrive/Datasets/GarbageBag/00000496.jpg,GarbageBag
/content/drive/MyDrive/Datasets/PlasticBag/00000292.jpg,PlasticBag
/content/drive/MyDrive/Datasets/PaperBag/00000117.jpg,PaperBag
/content/drive/MyDrive/Datasets/GarbageBag/00000490.jpg,GarbageBag
/content/drive/MyDrive/Datasets/PlasticBag/00000432.jpg,PlasticBag
/content/drive/MyDrive/Datasets/PaperBag/00000082.jpg,PaperBag
/content/drive/MyDrive/Datasets/PaperBag/00000237.jpg,PaperBag
/content/drive/MyDrive/Datasets/PlasticBag/00000041.jpg,PlasticBag
/content/drive/MyDrive/Datasets/GarbageBag/00000451.jpg,GarbageBag
/content/drive/MyDrive/Datasets/PaperBag/00000279.jpg,PaperBag
/content/drive/MyDrive/Datasets/PaperBag/00000303.jpg,PaperBag
/content/drive/MyDrive/Datasets/PlasticBag/00000269.jpg,PlasticBag
/content/drive/MyDrive/Datasets/PaperBag/00000205.jpg,PaperBag
/content/drive/MyDrive/Datasets/PaperBag/00000487.jpg,PaperBag
/content/drive/MyDrive/Datasets/PlasticBag/00000183.jpg,PlasticBag
/content/drive/MyDrive/Datasets/PaperBag/00000431.jpg,PaperBag
/content/drive/MyDrive/Datasets/GarbageBag/00000042.jpg,GarbageBag
/content/drive/MyDrive/Datasets/GarbageBag/00000207.jpg,GarbageBag
/content/drive/MyDrive/Datasets/PlasticBag/00000120.jpg,PlasticBag
/content/drive/MyDrive/Datasets/GarbageBag/00000148.jpg,GarbageBag
/content/drive/MyDrive/Datasets/GarbageBag/00000227.jpg,GarbageBag
/content/drive/MyDrive/Datasets/PaperBag/00000267.jpg,PaperBag
/content/drive/MyDrive/Datasets/PlasticBag/00000309.jpg,PlasticBag
/content/drive/MyDrive/Datasets/GarbageBag/00000091.jpg,GarbageBag
/content/drive/MyDrive/Datasets/PlasticBag/00000225.jpg,PlasticBag
/content/drive/MyDrive/Datasets/PaperBag/00000367.jpg,PaperBag
/content/drive/MyDrive/Datasets/PlasticBag/00000472.jpg,PlasticBag
/content/drive/MyDrive/Datasets/GarbageBag/00000182.jpg,GarbageBag
/content/drive/MyDrive/Datasets/GarbageBag/00000255.jpg,GarbageBag
/content/drive/MyDrive/Datasets/GarbageBag/00000138.jpg,GarbageBag
/content/drive/MyDrive/Datasets/PaperBag/00000304.jpg,PaperBag
/content/drive/MyDrive/Datasets/GarbageBag/00000295.jpg,GarbageBag
/content/drive/MyDrive/Datasets/GarbageBag/00000099.jpg,GarbageBag
/content/drive/MyDrive/Datasets/GarbageBag/00000229.jpg,GarbageBag
/content/drive/MyDrive/Datasets/GarbageBag/00000428.jpg,GarbageBag
/content/drive/MyDrive/Datasets/GarbageBag/00000047.jpg,GarbageBag
/content/drive/MyDrive/Datasets/PlasticBag/00000065.jpg,PlasticBag
/content/drive/MyDrive/Datasets/PaperBag/00000363.jpg,PaperBag
/content/drive/MyDrive/Datasets/GarbageBag/00000440.jpg,GarbageBag
/content/drive/MyDrive/Datasets/PaperBag/00000291.jpg,PaperBag
/content/drive/MyDrive/Datasets/PlasticBag/00000175.jpg,PlasticBag
/content/drive/MyDrive/Datasets/PlasticBag/00000223.jpg,PlasticBag
/content/drive/MyDrive/Datasets/PlasticBag/00000066.jpg,PlasticBag
/content/drive/MyDrive/Datasets/PlasticBag/00000379.jpg,PlasticBag
/content/drive/MyDrive/Datasets/PlasticBag/00000299.jpg,PlasticBag
/content/drive/MyDrive/Datasets/GarbageBag/00000476.jpg,GarbageBag
/content/drive/MyDrive/Datasets/GarbageBag/00000002.jpg,GarbageBag
/content/drive/MyDrive/Datasets/GarbageBag/00000173.jpg,GarbageBag
/content/drive/MyDrive/Datasets/GarbageBag/00000077.jpg,GarbageBag
/content/drive/MyDrive/Datasets/PlasticBag/00000016.jpg,PlasticBag
/content/drive/MyDrive/Datasets/GarbageBag/00000020.jpg,GarbageBag
/content/drive/MyDrive/Datasets/PaperBag/00000453.jpg,PaperBag
/content/drive/MyDrive/Datasets/PaperBag/00000477.jpg,PaperBag
/content/drive/MyDrive/Datasets/PlasticBag/00000182.jpg,PlasticBag
/content/drive/MyDrive/Datasets/PaperBag/00000429.jpg,PaperBag
/content/drive/MyDrive/Datasets/GarbageBag/00000242.jpg,GarbageBag
/content/drive/MyDrive/Datasets/PlasticBag/00000411.jpg,PlasticBag
/content/drive/MyDrive/Datasets/PaperBag/00000266.jpg,PaperBag
/content/drive/MyDrive/Datasets/GarbageBag/00000481.jpg,GarbageBag
/content/drive/MyDrive/Datasets/GarbageBag/00000088.jpg,GarbageBag
/content/drive/MyDrive/Datasets/PlasticBag/00000075.jpg,PlasticBag
/content/drive/MyDrive/Datasets/PlasticBag/00000062.jpg,PlasticBag
/content/drive/MyDrive/Datasets/PlasticBag/00000478.jpg,PlasticBag
/content/drive/MyDrive/Datasets/PlasticBag/00000040.jpg,PlasticBag
/content/drive/MyDrive/Datasets/GarbageBag/00000330.jpg,GarbageBag
/content/drive/MyDrive/Datasets/GarbageBag/00000163.jpg,GarbageBag
/content/drive/MyDrive/Datasets/PlasticBag/00000341.jpg,PlasticBag
/content/drive/MyDrive/Datasets/PlasticBag/00000171.jpg,PlasticBag
/content/drive/MyDrive/Datasets/PlasticBag/00000003.jpg,PlasticBag
/content/drive/MyDrive/Datasets/PlasticBag/00000245.jpg,PlasticBag
/content/drive/MyDrive/Datasets/GarbageBag/00000358.jpg,GarbageBag
/content/drive/MyDrive/Datasets/PaperBag/00000001.jpg,PaperBag
/content/drive/MyDrive/Datasets/PlasticBag/00000362.jpg,PlasticBag
/content/drive/MyDrive/Datasets/GarbageBag/00000456.jpg,GarbageBag
/content/drive/MyDrive/Datasets/GarbageBag/00000167.jpg,GarbageBag
/content/drive/MyDrive/Datasets/PaperBag/00000272.jpg,PaperBag
/content/drive/MyDrive/Datasets/GarbageBag/00000303.jpg,GarbageBag
/content/drive/MyDrive/Datasets/PlasticBag/00000169.jpg,PlasticBag
/content/drive/MyDrive/Datasets/PlasticBag/00000272.jpg,PlasticBag
/content/drive/MyDrive/Datasets/PaperBag/00000042.jpg,PaperBag
/content/drive/MyDrive/Datasets/PlasticBag/00000154.jpg,PlasticBag
/content/drive/MyDrive/Datasets/GarbageBag/00000400.jpg,GarbageBag
/content/drive/MyDrive/Datasets/PlasticBag/00000147.jpg,PlasticBag
/content/drive/MyDrive/Datasets/PaperBag/00000247.jpg,PaperBag
/content/drive/MyDrive/Datasets/PaperBag/00000059.jpg,PaperBag
/content/drive/MyDrive/Datasets/PlasticBag/00000452.jpg,PlasticBag
/content/drive/MyDrive/Datasets/GarbageBag/00000244.jpg,GarbageBag
/content/drive/MyDrive/Datasets/PaperBag/00000175.jpg,PaperBag
/content/drive/MyDrive/Datasets/PaperBag/00000186.jpg,PaperBag
/content/drive/MyDrive/Datasets/PlasticBag/00000469.jpg,PlasticBag
/content/drive/MyDrive/Datasets/PaperBag/00000144.jpg,PaperBag
/content/drive/MyDrive/Datasets/PlasticBag/00000402.jpg,PlasticBag
/content/drive/MyDrive/Datasets/PlasticBag/00000029.jpg,PlasticBag
/content/drive/MyDrive/Datasets/PaperBag/00000140.jpg,PaperBag
/content/drive/MyDrive/Datasets/PlasticBag/00000177.jpg,PlasticBag
/content/drive/MyDrive/Datasets/GarbageBag/00000326.jpg,GarbageBag
/content/drive/MyDrive/Datasets/PaperBag/00000255.jpg,PaperBag
/content/drive/MyDrive/Datasets/PlasticBag/00000174.jpg,PlasticBag
/content/drive/MyDrive/Datasets/GarbageBag/00000457.jpg,GarbageBag
/content/drive/MyDrive/Datasets/GarbageBag/00000026.jpg,GarbageBag
/content/drive/MyDrive/Datasets/PlasticBag/00000425.jpg,PlasticBag
/content/drive/MyDrive/Datasets/PlasticBag/00000460.jpg,PlasticBag
/content/drive/MyDrive/Datasets/PaperBag/00000145.jpg,PaperBag
/content/drive/MyDrive/Datasets/PlasticBag/00000331.jpg,PlasticBag
/content/drive/MyDrive/Datasets/PlasticBag/00000288.jpg,PlasticBag
/content/drive/MyDrive/Datasets/PlasticBag/00000445.jpg,PlasticBag
/content/drive/MyDrive/Datasets/GarbageBag/00000038.jpg,GarbageBag
/content/drive/MyDrive/Datasets/PlasticBag/00000284.jpg,PlasticBag
/content/drive/MyDrive/Datasets/PlasticBag/00000438.jpg,PlasticBag
/content/drive/MyDrive/Datasets/PaperBag/00000241.jpg,PaperBag
/content/drive/MyDrive/Datasets/PaperBag/00000079.jpg,PaperBag
/content/drive/MyDrive/Datasets/PlasticBag/00000168.jpg,PlasticBag
/content/drive/MyDrive/Datasets/GarbageBag/00000143.jpg,GarbageBag
/content/drive/MyDrive/Datasets/PlasticBag/00000363.jpg,PlasticBag
/content/drive/MyDrive/Datasets/PaperBag/00000354.jpg,PaperBag
/content/drive/MyDrive/Datasets/GarbageBag/00000258.jpg,GarbageBag
/content/drive/MyDrive/Datasets/PaperBag/00000452.jpg,PaperBag
/content/drive/MyDrive/Datasets/PaperBag/00000075.jpg,PaperBag
/content/drive/MyDrive/Datasets/PaperBag/00000495.jpg,PaperBag
/content/drive/MyDrive/Datasets/PaperBag/00000166.jpg,PaperBag
/content/drive/MyDrive/Datasets/GarbageBag/00000183.jpg,GarbageBag
/content/drive/MyDrive/Datasets/GarbageBag/00000485.jpg,GarbageBag
/content/drive/MyDrive/Datasets/PlasticBag/00000060.jpg,PlasticBag
/content/drive/MyDrive/Datasets/PlasticBag/00000454.jpg,PlasticBag
/content/drive/MyDrive/Datasets/GarbageBag/00000339.jpg,GarbageBag
/content/drive/MyDrive/Datasets/GarbageBag/00000087.jpg,GarbageBag
/content/drive/MyDrive/Datasets/PlasticBag/00000127.jpg,PlasticBag
/content/drive/MyDrive/Datasets/PaperBag/00000142.jpg,PaperBag
/content/drive/MyDrive/Datasets/PaperBag/00000469.jpg,PaperBag
/content/drive/MyDrive/Datasets/PlasticBag/00000150.jpg,PlasticBag
/content/drive/MyDrive/Datasets/PaperBag/00000379.jpg,PaperBag
/content/drive/MyDrive/Datasets/PlasticBag/00000476.jpg,PlasticBag
/content/drive/MyDrive/Datasets/PlasticBag/00000264.jpg,PlasticBag
/content/drive/MyDrive/Datasets/PlasticBag/00000240.jpg,PlasticBag
/content/drive/MyDrive/Datasets/PaperBag/00000498.jpg,PaperBag
/content/drive/MyDrive/Datasets/GarbageBag/00000385.jpg,GarbageBag
/content/drive/MyDrive/Datasets/GarbageBag/00000006.jpg,GarbageBag
/content/drive/MyDrive/Datasets/GarbageBag/00000315.jpg,GarbageBag
/content/drive/MyDrive/Datasets/PlasticBag/00000250.jpg,PlasticBag
/content/drive/MyDrive/Datasets/GarbageBag/00000424.jpg,GarbageBag
/content/drive/MyDrive/Datasets/PlasticBag/00000449.jpg,PlasticBag
/content/drive/MyDrive/Datasets/PaperBag/00000261.jpg,PaperBag
/content/drive/MyDrive/Datasets/GarbageBag/00000035.jpg,GarbageBag
/content/drive/MyDrive/Datasets/PlasticBag/00000048.jpg,PlasticBag
/content/drive/MyDrive/Datasets/PlasticBag/00000068.jpg,PlasticBag
/content/drive/MyDrive/Datasets/GarbageBag/00000427.jpg,GarbageBag
/content/drive/MyDrive/Datasets/PlasticBag/00000199.jpg,PlasticBag
/content/drive/MyDrive/Datasets/PaperBag/00000134.jpg,PaperBag
/content/drive/MyDrive/Datasets/GarbageBag/00000142.jpg,GarbageBag
/content/drive/MyDrive/Datasets/PlasticBag/00000166.jpg,PlasticBag
/content/drive/MyDrive/Datasets/PlasticBag/00000274.jpg,PlasticBag
/content/drive/MyDrive/Datasets/PlasticBag/00000234.jpg,PlasticBag
/content/drive/MyDrive/Datasets/PaperBag/00000209.jpg,PaperBag
/content/drive/MyDrive/Datasets/GarbageBag/00000128.jpg,GarbageBag
/content/drive/MyDrive/Datasets/PlasticBag/00000336.jpg,PlasticBag
/content/drive/MyDrive/Datasets/PlasticBag/00000213.jpg,PlasticBag
/content/drive/MyDrive/Datasets/GarbageBag/00000223.jpg,GarbageBag
/content/drive/MyDrive/Datasets/PlasticBag/00000427.jpg,PlasticBag
/content/drive/MyDrive/Datasets/GarbageBag/00000491.jpg,GarbageBag
/content/drive/MyDrive/Datasets/PaperBag/00000212.jpg,PaperBag
/content/drive/MyDrive/Datasets/PlasticBag/00000045.jpg,PlasticBag
/content/drive/MyDrive/Datasets/PlasticBag/00000260.jpg,PlasticBag
/content/drive/MyDrive/Datasets/PlasticBag/00000464.jpg,PlasticBag
/content/drive/MyDrive/Datasets/PaperBag/00000462.jpg,PaperBag
/content/drive/MyDrive/Datasets/PlasticBag/00000372.jpg,PlasticBag
/content/drive/MyDrive/Datasets/PlasticBag/00000316.jpg,PlasticBag
/content/drive/MyDrive/Datasets/PaperBag/00000356.jpg,PaperBag
/content/drive/MyDrive/Datasets/PlasticBag/00000444.jpg,PlasticBag
/content/drive/MyDrive/Datasets/PlasticBag/00000229.jpg,PlasticBag
/content/drive/MyDrive/Datasets/PlasticBag/00000392.jpg,PlasticBag
/content/drive/MyDrive/Datasets/GarbageBag/00000057.jpg,GarbageBag
/content/drive/MyDrive/Datasets/PaperBag/00000221.jpg,PaperBag
/content/drive/MyDrive/Datasets/GarbageBag/00000089.jpg,GarbageBag
/content/drive/MyDrive/Datasets/PaperBag/00000085.jpg,PaperBag
/content/drive/MyDrive/Datasets/PaperBag/00000444.jpg,PaperBag
/content/drive/MyDrive/Datasets/PaperBag/00000049.jpg,PaperBag
/content/drive/MyDrive/Datasets/PlasticBag/00000049.jpg,PlasticBag
/content/drive/MyDrive/Datasets/PlasticBag/00000108.jpg,PlasticBag
/content/drive/MyDrive/Datasets/PlasticBag/00000334.jpg,PlasticBag
/content/drive/MyDrive/Datasets/PlasticBag/00000310.jpg,PlasticBag
/content/drive/MyDrive/Datasets/GarbageBag/00000383.jpg,GarbageBag
/content/drive/MyDrive/Datasets/PlasticBag/00000296.jpg,PlasticBag
/content/drive/MyDrive/Datasets/PlasticBag/00000291.jpg,PlasticBag
/content/drive/MyDrive/Datasets/PaperBag/00000417.jpg,PaperBag
/content/drive/MyDrive/Datasets/PlasticBag/00000039.jpg,PlasticBag
/content/drive/MyDrive/Datasets/GarbageBag/00000333.jpg,GarbageBag
/content/drive/MyDrive/Datasets/GarbageBag/00000021.jpg,GarbageBag
/content/drive/MyDrive/Datasets/PaperBag/00000137.jpg,PaperBag
/content/drive/MyDrive/Datasets/PaperBag/00000407.jpg,PaperBag
/content/drive/MyDrive/Datasets/GarbageBag/00000392.jpg,GarbageBag
/content/drive/MyDrive/Datasets/PlasticBag/00000428.jpg,PlasticBag
/content/drive/MyDrive/Datasets/GarbageBag/00000482.jpg,GarbageBag
/content/drive/MyDrive/Datasets/GarbageBag/00000405.jpg,GarbageBag
/content/drive/MyDrive/Datasets/PaperBag/00000443.jpg,PaperBag
/content/drive/MyDrive/Datasets/GarbageBag/00000139.jpg,GarbageBag
/content/drive/MyDrive/Datasets/PlasticBag/00000236.jpg,PlasticBag
/content/drive/MyDrive/Datasets/PlasticBag/00000141.jpg,PlasticBag
/content/drive/MyDrive/Datasets/PaperBag/00000155.jpg,PaperBag
/content/drive/MyDrive/Datasets/PaperBag/00000264.jpg,PaperBag
/content/drive/MyDrive/Datasets/PlasticBag/00000471.jpg,PlasticBag
/content/drive/MyDrive/Datasets/GarbageBag/00000045.jpg,GarbageBag
/content/drive/MyDrive/Datasets/PaperBag/00000195.jpg,PaperBag
/content/drive/MyDrive/Datasets/PaperBag/00000198.jpg,PaperBag
/content/drive/MyDrive/Datasets/PlasticBag/00000293.jpg,PlasticBag
/content/drive/MyDrive/Datasets/GarbageBag/00000488.jpg,GarbageBag
/content/drive/MyDrive/Datasets/PlasticBag/00000388.jpg,PlasticBag
/content/drive/MyDrive/Datasets/PaperBag/00000315.jpg,PaperBag
/content/drive/MyDrive/Datasets/GarbageBag/00000236.jpg,GarbageBag
/content/drive/MyDrive/Datasets/GarbageBag/00000270.jpg,GarbageBag
/content/drive/MyDrive/Datasets/GarbageBag/00000306.jpg,GarbageBag
/content/drive/MyDrive/Datasets/GarbageBag/00000231.jpg,GarbageBag
/content/drive/MyDrive/Datasets/PlasticBag/00000024.jpg,PlasticBag
/content/drive/MyDrive/Datasets/GarbageBag/00000265.jpg,GarbageBag
/content/drive/MyDrive/Datasets/GarbageBag/00000203.jpg,GarbageBag
/content/drive/MyDrive/Datasets/GarbageBag/00000419.jpg,GarbageBag
/content/drive/MyDrive/Datasets/PaperBag/00000050.jpg,PaperBag
/content/drive/MyDrive/Datasets/PaperBag/00000333.jpg,PaperBag
/content/drive/MyDrive/Datasets/PaperBag/00000322.jpg,PaperBag
/content/drive/MyDrive/Datasets/PaperBag/00000478.jpg,PaperBag
/content/drive/MyDrive/Datasets/PlasticBag/00000405.jpg,PlasticBag
/content/drive/MyDrive/Datasets/PaperBag/00000033.jpg,PaperBag
/content/drive/MyDrive/Datasets/PaperBag/00000302.jpg,PaperBag
/content/drive/MyDrive/Datasets/PlasticBag/00000080.jpg,PlasticBag
/content/drive/MyDrive/Datasets/PlasticBag/00000354.jpg,PlasticBag
/content/drive/MyDrive/Datasets/PaperBag/00000483.jpg,PaperBag
/content/drive/MyDrive/Datasets/PlasticBag/00000076.jpg,PlasticBag
/content/drive/MyDrive/Datasets/PlasticBag/00000083.jpg,PlasticBag
/content/drive/MyDrive/Datasets/GarbageBag/00000325.jpg,GarbageBag
/content/drive/MyDrive/Datasets/PlasticBag/00000263.jpg,PlasticBag
/content/drive/MyDrive/Datasets/PaperBag/00000382.jpg,PaperBag
/content/drive/MyDrive/Datasets/PlasticBag/00000410.jpg,PlasticBag
/content/drive/MyDrive/Datasets/GarbageBag/00000177.jpg,GarbageBag
/content/drive/MyDrive/Datasets/PaperBag/00000081.jpg,PaperBag
/content/drive/MyDrive/Datasets/PaperBag/00000414.jpg,PaperBag
/content/drive/MyDrive/Datasets/PaperBag/00000398.jpg,PaperBag
/content/drive/MyDrive/Datasets/GarbageBag/00000322.jpg,GarbageBag
/content/drive/MyDrive/Datasets/PlasticBag/00000282.jpg,PlasticBag
/content/drive/MyDrive/Datasets/PaperBag/00000427.jpg,PaperBag
/content/drive/MyDrive/Datasets/PaperBag/00000321.jpg,PaperBag
/content/drive/MyDrive/Datasets/PlasticBag/00000357.jpg,PlasticBag
/content/drive/MyDrive/Datasets/GarbageBag/00000208.jpg,GarbageBag
/content/drive/MyDrive/Datasets/PaperBag/00000101.jpg,PaperBag
/content/drive/MyDrive/Datasets/GarbageBag/00000370.jpg,GarbageBag
/content/drive/MyDrive/Datasets/PaperBag/00000187.jpg,PaperBag
/content/drive/MyDrive/Datasets/PlasticBag/00000345.jpg,PlasticBag
/content/drive/MyDrive/Datasets/PaperBag/00000394.jpg,PaperBag
/content/drive/MyDrive/Datasets/PlasticBag/00000230.jpg,PlasticBag
/content/drive/MyDrive/Datasets/PlasticBag/00000368.jpg,PlasticBag
/content/drive/MyDrive/Datasets/PaperBag/00000277.jpg,PaperBag
/content/drive/MyDrive/Datasets/PlasticBag/00000010.jpg,PlasticBag
/content/drive/MyDrive/Datasets/PaperBag/00000251.jpg,PaperBag
/content/drive/MyDrive/Datasets/PlasticBag/00000054.jpg,PlasticBag
/content/drive/MyDrive/Datasets/PlasticBag/00000280.jpg,PlasticBag
/content/drive/MyDrive/Datasets/PlasticBag/00000116.jpg,PlasticBag
/content/drive/MyDrive/Datasets/PaperBag/00000300.jpg,PaperBag
/content/drive/MyDrive/Datasets/GarbageBag/00000266.jpg,GarbageBag
/content/drive/MyDrive/Datasets/PaperBag/00000234.jpg,PaperBag
/content/drive/MyDrive/Datasets/PlasticBag/00000394.jpg,PlasticBag
/content/drive/MyDrive/Datasets/PaperBag/00000227.jpg,PaperBag
/content/drive/MyDrive/Datasets/PaperBag/00000005.jpg,PaperBag
/content/drive/MyDrive/Datasets/PaperBag/00000236.jpg,PaperBag
/content/drive/MyDrive/Datasets/GarbageBag/00000437.jpg,GarbageBag
/content/drive/MyDrive/Datasets/PaperBag/00000488.jpg,PaperBag
/content/drive/MyDrive/Datasets/GarbageBag/00000032.jpg,GarbageBag
/content/drive/MyDrive/Datasets/PaperBag/00000150.jpg,PaperBag
/content/drive/MyDrive/Datasets/GarbageBag/00000085.jpg,GarbageBag
/content/drive/MyDrive/Datasets/PaperBag/00000425.jpg,PaperBag
/content/drive/MyDrive/Datasets/GarbageBag/00000205.jpg,GarbageBag
/content/drive/MyDrive/Datasets/PlasticBag/00000300.jpg,PlasticBag
/content/drive/MyDrive/Datasets/PaperBag/00000229.jpg,PaperBag
/content/drive/MyDrive/Datasets/GarbageBag/00000037.jpg,GarbageBag
/content/drive/MyDrive/Datasets/PaperBag/00000296.jpg,PaperBag
/content/drive/MyDrive/Datasets/GarbageBag/00000257.jpg,GarbageBag
/content/drive/MyDrive/Datasets/PlasticBag/00000212.jpg,PlasticBag
/content/drive/MyDrive/Datasets/PlasticBag/00000463.jpg,PlasticBag
/content/drive/MyDrive/Datasets/GarbageBag/00000106.jpg,GarbageBag
/content/drive/MyDrive/Datasets/GarbageBag/00000090.jpg,GarbageBag
/content/drive/MyDrive/Datasets/PaperBag/00000290.jpg,PaperBag
/content/drive/MyDrive/Datasets/PaperBag/00000093.jpg,PaperBag
/content/drive/MyDrive/Datasets/PaperBag/00000346.jpg,PaperBag
/content/drive/MyDrive/Datasets/GarbageBag/00000053.jpg,GarbageBag
/content/drive/MyDrive/Datasets/GarbageBag/00000072.jpg,GarbageBag
/content/drive/MyDrive/Datasets/PaperBag/00000246.jpg,PaperBag
/content/drive/MyDrive/Datasets/PlasticBag/00000012.jpg,PlasticBag
/content/drive/MyDrive/Datasets/PaperBag/00000003.jpg,PaperBag
/content/drive/MyDrive/Datasets/PaperBag/00000331.jpg,PaperBag
/content/drive/MyDrive/Datasets/PaperBag/00000191.jpg,PaperBag
/content/drive/MyDrive/Datasets/GarbageBag/00000137.jpg,GarbageBag
/content/drive/MyDrive/Datasets/PaperBag/00000411.jpg,PaperBag
/content/drive/MyDrive/Datasets/PaperBag/00000270.jpg,PaperBag
/content/drive/MyDrive/Datasets/PaperBag/00000170.jpg,PaperBag
/content/drive/MyDrive/Datasets/PlasticBag/00000165.jpg,PlasticBag
/content/drive/MyDrive/Datasets/PaperBag/00000305.jpg,PaperBag
/content/drive/MyDrive/Datasets/PaperBag/00000112.jpg,PaperBag
/content/drive/MyDrive/Datasets/GarbageBag/00000465.jpg,GarbageBag
/content/drive/MyDrive/Datasets/PlasticBag/00000033.jpg,PlasticBag
/content/drive/MyDrive/Datasets/PlasticBag/00000376.jpg,PlasticBag
/content/drive/MyDrive/Datasets/PaperBag/00000200.jpg,PaperBag
/content/drive/MyDrive/Datasets/PaperBag/00000215.jpg,PaperBag
/content/drive/MyDrive/Datasets/PlasticBag/00000006.jpg,PlasticBag
/content/drive/MyDrive/Datasets/PlasticBag/00000327.jpg,PlasticBag
/content/drive/MyDrive/Datasets/PaperBag/00000410.jpg,PaperBag
/content/drive/MyDrive/Datasets/PaperBag/00000043.jpg,PaperBag
/content/drive/MyDrive/Datasets/PlasticBag/00000305.jpg,PlasticBag
/content/drive/MyDrive/Datasets/PaperBag/00000450.jpg,PaperBag
/content/drive/MyDrive/Datasets/PlasticBag/00000189.jpg,PlasticBag
/content/drive/MyDrive/Datasets/PaperBag/00000458.jpg,PaperBag
/content/drive/MyDrive/Datasets/PaperBag/00000052.jpg,PaperBag
/content/drive/MyDrive/Datasets/GarbageBag/00000101.jpg,GarbageBag
/content/drive/MyDrive/Datasets/PaperBag/00000326.jpg,PaperBag
/content/drive/MyDrive/Datasets/GarbageBag/00000359.jpg,GarbageBag
/content/drive/MyDrive/Datasets/PaperBag/00000416.jpg,PaperBag
/content/drive/MyDrive/Datasets/PaperBag/00000025.jpg,PaperBag
/content/drive/MyDrive/Datasets/GarbageBag/00000420.jpg,GarbageBag
/content/drive/MyDrive/Datasets/PaperBag/00000365.jpg,PaperBag
/content/drive/MyDrive/Datasets/PlasticBag/00000439.jpg,PlasticBag
/content/drive/MyDrive/Datasets/GarbageBag/00000309.jpg,GarbageBag
/content/drive/MyDrive/Datasets/PlasticBag/00000490.jpg,PlasticBag
/content/drive/MyDrive/Datasets/PaperBag/00000292.jpg,PaperBag
/content/drive/MyDrive/Datasets/PlasticBag/00000412.jpg,PlasticBag
/content/drive/MyDrive/Datasets/PaperBag/00000177.jpg,PaperBag
/content/drive/MyDrive/Datasets/PlasticBag/00000423.jpg,PlasticBag
/content/drive/MyDrive/Datasets/GarbageBag/00000211.jpg,GarbageBag
/content/drive/MyDrive/Datasets/PlasticBag/00000262.jpg,PlasticBag
/content/drive/MyDrive/Datasets/PlasticBag/00000342.jpg,PlasticBag
/content/drive/MyDrive/Datasets/GarbageBag/00000404.jpg,GarbageBag
/content/drive/MyDrive/Datasets/PlasticBag/00000023.jpg,PlasticBag
/content/drive/MyDrive/Datasets/GarbageBag/00000448.jpg,GarbageBag
/content/drive/MyDrive/Datasets/PaperBag/00000415.jpg,PaperBag
/content/drive/MyDrive/Datasets/PaperBag/00000334.jpg,PaperBag
/content/drive/MyDrive/Datasets/GarbageBag/00000225.jpg,GarbageBag
/content/drive/MyDrive/Datasets/GarbageBag/00000251.jpg,GarbageBag
/content/drive/MyDrive/Datasets/PlasticBag/00000298.jpg,PlasticBag
/content/drive/MyDrive/Datasets/PaperBag/00000090.jpg,PaperBag
/content/drive/MyDrive/Datasets/PaperBag/00000149.jpg,PaperBag
/content/drive/MyDrive/Datasets/PaperBag/00000040.jpg,PaperBag
/content/drive/MyDrive/Datasets/PaperBag/00000225.jpg,PaperBag
/content/drive/MyDrive/Datasets/GarbageBag/00000176.jpg,GarbageBag
/content/drive/MyDrive/Datasets/PlasticBag/00000408.jpg,PlasticBag
/content/drive/MyDrive/Datasets/PlasticBag/00000385.jpg,PlasticBag
/content/drive/MyDrive/Datasets/PlasticBag/00000270.jpg,PlasticBag
/content/drive/MyDrive/Datasets/GarbageBag/00000430.jpg,GarbageBag
/content/drive/MyDrive/Datasets/PaperBag/00000161.jpg,PaperBag
/content/drive/MyDrive/Datasets/GarbageBag/00000415.jpg,GarbageBag
/content/drive/MyDrive/Datasets/PaperBag/00000357.jpg,PaperBag
/content/drive/MyDrive/Datasets/GarbageBag/00000301.jpg,GarbageBag
/content/drive/MyDrive/Datasets/GarbageBag/00000070.jpg,GarbageBag
/content/drive/MyDrive/Datasets/PlasticBag/00000238.jpg,PlasticBag
/content/drive/MyDrive/Datasets/PaperBag/00000063.jpg,PaperBag
/content/drive/MyDrive/Datasets/PaperBag/00000412.jpg,PaperBag
/content/drive/MyDrive/Datasets/GarbageBag/00000349.jpg,GarbageBag
/content/drive/MyDrive/Datasets/PlasticBag/00000377.jpg,PlasticBag
/content/drive/MyDrive/Datasets/GarbageBag/00000239.jpg,GarbageBag
/content/drive/MyDrive/Datasets/PlasticBag/00000374.jpg,PlasticBag
/content/drive/MyDrive/Datasets/PaperBag/00000097.jpg,PaperBag
/content/drive/MyDrive/Datasets/PlasticBag/00000348.jpg,PlasticBag
/content/drive/MyDrive/Datasets/GarbageBag/00000261.jpg,GarbageBag
/content/drive/MyDrive/Datasets/GarbageBag/00000133.jpg,GarbageBag
/content/drive/MyDrive/Datasets/PlasticBag/00000475.jpg,PlasticBag
/content/drive/MyDrive/Datasets/PlasticBag/00000145.jpg,PlasticBag
/content/drive/MyDrive/Datasets/GarbageBag/00000008.jpg,GarbageBag
/content/drive/MyDrive/Datasets/GarbageBag/00000345.jpg,GarbageBag
/content/drive/MyDrive/Datasets/PlasticBag/00000139.jpg,PlasticBag
/content/drive/MyDrive/Datasets/GarbageBag/00000022.jpg,GarbageBag
/content/drive/MyDrive/Datasets/GarbageBag/00000311.jpg,GarbageBag
/content/drive/MyDrive/Datasets/PlasticBag/00000188.jpg,PlasticBag
/content/drive/MyDrive/Datasets/PlasticBag/00000157.jpg,PlasticBag
/content/drive/MyDrive/Datasets/GarbageBag/00000115.jpg,GarbageBag
/content/drive/MyDrive/Datasets/GarbageBag/00000074.jpg,GarbageBag
/content/drive/MyDrive/Datasets/GarbageBag/00000033.jpg,GarbageBag
/content/drive/MyDrive/Datasets/PlasticBag/00000233.jpg,PlasticBag
/content/drive/MyDrive/Datasets/GarbageBag/00000422.jpg,GarbageBag
/content/drive/MyDrive/Datasets/PlasticBag/00000121.jpg,PlasticBag
/content/drive/MyDrive/Datasets/PlasticBag/00000384.jpg,PlasticBag
/content/drive/MyDrive/Datasets/GarbageBag/00000409.jpg,GarbageBag
/content/drive/MyDrive/Datasets/GarbageBag/00000271.jpg,GarbageBag
/content/drive/MyDrive/Datasets/PaperBag/00000308.jpg,PaperBag
/content/drive/MyDrive/Datasets/PaperBag/00000031.jpg,PaperBag
/content/drive/MyDrive/Datasets/PlasticBag/00000434.jpg,PlasticBag
/content/drive/MyDrive/Datasets/PlasticBag/00000373.jpg,PlasticBag
/content/drive/MyDrive/Datasets/PaperBag/00000353.jpg,PaperBag
/content/drive/MyDrive/Datasets/PaperBag/00000019.jpg,PaperBag
/content/drive/MyDrive/Datasets/GarbageBag/00000097.jpg,GarbageBag
/content/drive/MyDrive/Datasets/PaperBag/00000494.jpg,PaperBag
/content/drive/MyDrive/Datasets/PaperBag/00000460.jpg,PaperBag
/content/drive/MyDrive/Datasets/PlasticBag/00000025.jpg,PlasticBag
/content/drive/MyDrive/Datasets/GarbageBag/00000119.jpg,GarbageBag
/content/drive/MyDrive/Datasets/PlasticBag/00000007.jpg,PlasticBag
/content/drive/MyDrive/Datasets/PaperBag/00000392.jpg,PaperBag
/content/drive/MyDrive/Datasets/PaperBag/00000329.jpg,PaperBag
/content/drive/MyDrive/Datasets/PlasticBag/00000173.jpg,PlasticBag
/content/drive/MyDrive/Datasets/PaperBag/00000020.jpg,PaperBag
/content/drive/MyDrive/Datasets/PaperBag/00000123.jpg,PaperBag
/content/drive/MyDrive/Datasets/GarbageBag/00000495.jpg,GarbageBag
/content/drive/MyDrive/Datasets/PlasticBag/00000146.jpg,PlasticBag
/content/drive/MyDrive/Datasets/GarbageBag/00000390.jpg,GarbageBag
/content/drive/MyDrive/Datasets/PlasticBag/00000326.jpg,PlasticBag
/content/drive/MyDrive/Datasets/PlasticBag/00000409.jpg,PlasticBag
/content/drive/MyDrive/Datasets/PlasticBag/00000314.jpg,PlasticBag
/content/drive/MyDrive/Datasets/GarbageBag/00000228.jpg,GarbageBag
/content/drive/MyDrive/Datasets/PaperBag/00000243.jpg,PaperBag
/content/drive/MyDrive/Datasets/GarbageBag/00000367.jpg,GarbageBag
/content/drive/MyDrive/Datasets/PlasticBag/00000329.jpg,PlasticBag
/content/drive/MyDrive/Datasets/PaperBag/00000351.jpg,PaperBag
/content/drive/MyDrive/Datasets/PaperBag/00000028.jpg,PaperBag
/content/drive/MyDrive/Datasets/PlasticBag/00000074.jpg,PlasticBag
/content/drive/MyDrive/Datasets/GarbageBag/00000179.jpg,GarbageBag
/content/drive/MyDrive/Datasets/GarbageBag/00000191.jpg,GarbageBag
/content/drive/MyDrive/Datasets/GarbageBag/00000391.jpg,GarbageBag
/content/drive/MyDrive/Datasets/PaperBag/00000034.jpg,PaperBag
/content/drive/MyDrive/Datasets/GarbageBag/00000034.jpg,GarbageBag
/content/drive/MyDrive/Datasets/PaperBag/00000287.jpg,PaperBag
/content/drive/MyDrive/Datasets/GarbageBag/00000232.jpg,GarbageBag
/content/drive/MyDrive/Datasets/PlasticBag/00000247.jpg,PlasticBag
/content/drive/MyDrive/Datasets/PaperBag/00000404.jpg,PaperBag
/content/drive/MyDrive/Datasets/GarbageBag/00000009.jpg,GarbageBag
/content/drive/MyDrive/Datasets/GarbageBag/00000445.jpg,GarbageBag
/content/drive/MyDrive/Datasets/PlasticBag/00000479.jpg,PlasticBag
/content/drive/MyDrive/Datasets/PlasticBag/00000398.jpg,PlasticBag
/content/drive/MyDrive/Datasets/GarbageBag/00000483.jpg,GarbageBag
/content/drive/MyDrive/Datasets/PaperBag/00000323.jpg,PaperBag
/content/drive/MyDrive/Datasets/GarbageBag/00000184.jpg,GarbageBag
/content/drive/MyDrive/Datasets/PaperBag/00000023.jpg,PaperBag
/content/drive/MyDrive/Datasets/PlasticBag/00000275.jpg,PlasticBag
/content/drive/MyDrive/Datasets/GarbageBag/00000044.jpg,GarbageBag
/content/drive/MyDrive/Datasets/GarbageBag/00000466.jpg,GarbageBag
/content/drive/MyDrive/Datasets/PaperBag/00000397.jpg,PaperBag
/content/drive/MyDrive/Datasets/GarbageBag/00000441.jpg,GarbageBag
/content/drive/MyDrive/Datasets/PlasticBag/00000322.jpg,PlasticBag
/content/drive/MyDrive/Datasets/PaperBag/00000106.jpg,PaperBag
/content/drive/MyDrive/Datasets/GarbageBag/00000342.jpg,GarbageBag
/content/drive/MyDrive/Datasets/PaperBag/00000491.jpg,PaperBag
/content/drive/MyDrive/Datasets/GarbageBag/00000195.jpg,GarbageBag
/content/drive/MyDrive/Datasets/GarbageBag/00000031.jpg,GarbageBag
/content/drive/MyDrive/Datasets/PlasticBag/00000020.jpg,PlasticBag
/content/drive/MyDrive/Datasets/PlasticBag/00000164.jpg,PlasticBag
/content/drive/MyDrive/Datasets/PlasticBag/00000248.jpg,PlasticBag
/content/drive/MyDrive/Datasets/GarbageBag/00000324.jpg,GarbageBag
/content/drive/MyDrive/Datasets/PlasticBag/00000443.jpg,PlasticBag
/content/drive/MyDrive/Datasets/GarbageBag/00000340.jpg,GarbageBag
/content/drive/MyDrive/Datasets/PaperBag/00000027.jpg,PaperBag
/content/drive/MyDrive/Datasets/PaperBag/00000021.jpg,PaperBag
/content/drive/MyDrive/Datasets/PaperBag/00000103.jpg,PaperBag
/content/drive/MyDrive/Datasets/GarbageBag/00000356.jpg,GarbageBag
/content/drive/MyDrive/Datasets/PlasticBag/00000090.jpg,PlasticBag
/content/drive/MyDrive/Datasets/GarbageBag/00000055.jpg,GarbageBag
/content/drive/MyDrive/Datasets/PaperBag/00000055.jpg,PaperBag
/content/drive/MyDrive/Datasets/GarbageBag/00000292.jpg,GarbageBag
/content/drive/MyDrive/Datasets/PaperBag/00000074.jpg,PaperBag
/content/drive/MyDrive/Datasets/PlasticBag/00000447.jpg,PlasticBag
/content/drive/MyDrive/Datasets/GarbageBag/00000285.jpg,GarbageBag
/content/drive/MyDrive/Datasets/PlasticBag/00000265.jpg,PlasticBag
/content/drive/MyDrive/Datasets/GarbageBag/00000079.jpg,GarbageBag
/content/drive/MyDrive/Datasets/PlasticBag/00000050.jpg,PlasticBag
/content/drive/MyDrive/Datasets/PlasticBag/00000287.jpg,PlasticBag
/content/drive/MyDrive/Datasets/PlasticBag/00000367.jpg,PlasticBag
/content/drive/MyDrive/Datasets/PlasticBag/00000279.jpg,PlasticBag
/content/drive/MyDrive/Datasets/GarbageBag/00000361.jpg,GarbageBag
/content/drive/MyDrive/Datasets/GarbageBag/00000296.jpg,GarbageBag
/content/drive/MyDrive/Datasets/PlasticBag/00000172.jpg,PlasticBag
/content/drive/MyDrive/Datasets/PaperBag/00000274.jpg,PaperBag
/content/drive/MyDrive/Datasets/GarbageBag/00000165.jpg,GarbageBag
/content/drive/MyDrive/Datasets/PlasticBag/00000492.jpg,PlasticBag
/content/drive/MyDrive/Datasets/PlasticBag/00000119.jpg,PlasticBag
/content/drive/MyDrive/Datasets/PaperBag/00000218.jpg,PaperBag
/content/drive/MyDrive/Datasets/PaperBag/00000060.jpg,PaperBag
/content/drive/MyDrive/Datasets/PaperBag/00000284.jpg,PaperBag
/content/drive/MyDrive/Datasets/PlasticBag/00000268.jpg,PlasticBag
/content/drive/MyDrive/Datasets/PaperBag/00000113.jpg,PaperBag
/content/drive/MyDrive/Datasets/GarbageBag/00000369.jpg,GarbageBag
/content/drive/MyDrive/Datasets/PlasticBag/00000332.jpg,PlasticBag
/content/drive/MyDrive/Datasets/PaperBag/00000375.jpg,PaperBag
/content/drive/MyDrive/Datasets/PaperBag/00000089.jpg,PaperBag
/content/drive/MyDrive/Datasets/GarbageBag/00000411.jpg,GarbageBag
/content/drive/MyDrive/Datasets/GarbageBag/00000041.jpg,GarbageBag
/content/drive/MyDrive/Datasets/PlasticBag/00000106.jpg,PlasticBag
/content/drive/MyDrive/Datasets/GarbageBag/00000453.jpg,GarbageBag
/content/drive/MyDrive/Datasets/PaperBag/00000035.jpg,PaperBag
/content/drive/MyDrive/Datasets/PaperBag/00000210.jpg,PaperBag
/content/drive/MyDrive/Datasets/PlasticBag/00000386.jpg,PlasticBag
/content/drive/MyDrive/Datasets/GarbageBag/00000156.jpg,GarbageBag
/content/drive/MyDrive/Datasets/PaperBag/00000422.jpg,PaperBag
/content/drive/MyDrive/Datasets/PaperBag/00000068.jpg,PaperBag
/content/drive/MyDrive/Datasets/PlasticBag/00000081.jpg,PlasticBag
/content/drive/MyDrive/Datasets/GarbageBag/00000499.jpg,GarbageBag
/content/drive/MyDrive/Datasets/PaperBag/00000465.jpg,PaperBag
/content/drive/MyDrive/Datasets/PlasticBag/00000214.jpg,PlasticBag
/content/drive/MyDrive/Datasets/GarbageBag/00000365.jpg,GarbageBag
/content/drive/MyDrive/Datasets/PlasticBag/00000206.jpg,PlasticBag
/content/drive/MyDrive/Datasets/GarbageBag/00000028.jpg,GarbageBag
/content/drive/MyDrive/Datasets/GarbageBag/00000102.jpg,GarbageBag
/content/drive/MyDrive/Datasets/GarbageBag/00000141.jpg,GarbageBag
/content/drive/MyDrive/Datasets/PlasticBag/00000124.jpg,PlasticBag
/content/drive/MyDrive/Datasets/GarbageBag/00000280.jpg,GarbageBag
/content/drive/MyDrive/Datasets/PlasticBag/00000228.jpg,PlasticBag
/content/drive/MyDrive/Datasets/GarbageBag/00000363.jpg,GarbageBag
/content/drive/MyDrive/Datasets/PaperBag/00000390.jpg,PaperBag
/content/drive/MyDrive/Datasets/PaperBag/00000256.jpg,PaperBag
/content/drive/MyDrive/Datasets/PaperBag/00000116.jpg,PaperBag
/content/drive/MyDrive/Datasets/PaperBag/00000374.jpg,PaperBag
/content/drive/MyDrive/Datasets/PaperBag/00000447.jpg,PaperBag
/content/drive/MyDrive/Datasets/PaperBag/00000037.jpg,PaperBag
/content/drive/MyDrive/Datasets/PlasticBag/00000095.jpg,PlasticBag
/content/drive/MyDrive/Datasets/PlasticBag/00000435.jpg,PlasticBag
/content/drive/MyDrive/Datasets/PaperBag/00000143.jpg,PaperBag
/content/drive/MyDrive/Datasets/PaperBag/00000011.jpg,PaperBag
/content/drive/MyDrive/Datasets/PlasticBag/00000043.jpg,PlasticBag
/content/drive/MyDrive/Datasets/GarbageBag/00000479.jpg,GarbageBag
/content/drive/MyDrive/Datasets/PaperBag/00000400.jpg,PaperBag
/content/drive/MyDrive/Datasets/GarbageBag/00000290.jpg,GarbageBag
/content/drive/MyDrive/Datasets/PaperBag/00000340.jpg,PaperBag
/content/drive/MyDrive/Datasets/PaperBag/00000169.jpg,PaperBag
/content/drive/MyDrive/Datasets/PaperBag/00000428.jpg,PaperBag
/content/drive/MyDrive/Datasets/GarbageBag/00000436.jpg,GarbageBag
/content/drive/MyDrive/Datasets/GarbageBag/00000050.jpg,GarbageBag
/content/drive/MyDrive/Datasets/GarbageBag/00000122.jpg,GarbageBag
/content/drive/MyDrive/Datasets/GarbageBag/00000073.jpg,GarbageBag
/content/drive/MyDrive/Datasets/PlasticBag/00000128.jpg,PlasticBag
/content/drive/MyDrive/Datasets/PaperBag/00000482.jpg,PaperBag
/content/drive/MyDrive/Datasets/PlasticBag/00000117.jpg,PlasticBag
/content/drive/MyDrive/Datasets/GarbageBag/00000426.jpg,GarbageBag
/content/drive/MyDrive/Datasets/PaperBag/00000254.jpg,PaperBag
/content/drive/MyDrive/Datasets/PaperBag/00000273.jpg,PaperBag
/content/drive/MyDrive/Datasets/PlasticBag/00000181.jpg,PlasticBag
/content/drive/MyDrive/Datasets/PaperBag/00000077.jpg,PaperBag
/content/drive/MyDrive/Datasets/PlasticBag/00000215.jpg,PlasticBag
/content/drive/MyDrive/Datasets/GarbageBag/00000307.jpg,GarbageBag
/content/drive/MyDrive/Datasets/GarbageBag/00000149.jpg,GarbageBag
/content/drive/MyDrive/Datasets/PlasticBag/00000064.jpg,PlasticBag
/content/drive/MyDrive/Datasets/GarbageBag/00000157.jpg,GarbageBag
/content/drive/MyDrive/Datasets/PaperBag/00000467.jpg,PaperBag
/content/drive/MyDrive/Datasets/PaperBag/00000259.jpg,PaperBag
/content/drive/MyDrive/Datasets/PaperBag/00000122.jpg,PaperBag
/content/drive/MyDrive/Datasets/PaperBag/00000492.jpg,PaperBag
/content/drive/MyDrive/Datasets/GarbageBag/00000389.jpg,GarbageBag
/content/drive/MyDrive/Datasets/GarbageBag/00000287.jpg,GarbageBag
/content/drive/MyDrive/Datasets/PlasticBag/00000237.jpg,PlasticBag
/content/drive/MyDrive/Datasets/PlasticBag/00000151.jpg,PlasticBag
/content/drive/MyDrive/Datasets/GarbageBag/00000154.jpg,GarbageBag
/content/drive/MyDrive/Datasets/GarbageBag/00000058.jpg,GarbageBag
/content/drive/MyDrive/Datasets/PlasticBag/00000441.jpg,PlasticBag
/content/drive/MyDrive/Datasets/GarbageBag/00000221.jpg,GarbageBag
/content/drive/MyDrive/Datasets/PlasticBag/00000069.jpg,PlasticBag
/content/drive/MyDrive/Datasets/GarbageBag/00000200.jpg,GarbageBag
/content/drive/MyDrive/Datasets/PaperBag/00000130.jpg,PaperBag
/content/drive/MyDrive/Datasets/GarbageBag/00000458.jpg,GarbageBag
/content/drive/MyDrive/Datasets/GarbageBag/00000096.jpg,GarbageBag
/content/drive/MyDrive/Datasets/PaperBag/00000057.jpg,PaperBag
/content/drive/MyDrive/Datasets/PlasticBag/00000088.jpg,PlasticBag
/content/drive/MyDrive/Datasets/PlasticBag/00000077.jpg,PlasticBag
/content/drive/MyDrive/Datasets/GarbageBag/00000279.jpg,GarbageBag
/content/drive/MyDrive/Datasets/PlasticBag/00000204.jpg,PlasticBag
/content/drive/MyDrive/Datasets/PlasticBag/00000369.jpg,PlasticBag
/content/drive/MyDrive/Datasets/PlasticBag/00000051.jpg,PlasticBag
/content/drive/MyDrive/Datasets/PaperBag/00000148.jpg,PaperBag
/content/drive/MyDrive/Datasets/PlasticBag/00000079.jpg,PlasticBag
/content/drive/MyDrive/Datasets/GarbageBag/00000249.jpg,GarbageBag
/content/drive/MyDrive/Datasets/GarbageBag/00000001.jpg,GarbageBag
/content/drive/MyDrive/Datasets/PlasticBag/00000243.jpg,PlasticBag
/content/drive/MyDrive/Datasets/GarbageBag/00000461.jpg,GarbageBag
/content/drive/MyDrive/Datasets/PaperBag/00000439.jpg,PaperBag
/content/drive/MyDrive/Datasets/PaperBag/00000484.jpg,PaperBag
/content/drive/MyDrive/Datasets/PlasticBag/00000396.jpg,PlasticBag
/content/drive/MyDrive/Datasets/PlasticBag/00000325.jpg,PlasticBag
/content/drive/MyDrive/Datasets/PaperBag/00000313.jpg,PaperBag
/content/drive/MyDrive/Datasets/GarbageBag/00000126.jpg,GarbageBag
/content/drive/MyDrive/Datasets/GarbageBag/00000007.jpg,GarbageBag
/content/drive/MyDrive/Datasets/PlasticBag/00000160.jpg,PlasticBag
/content/drive/MyDrive/Datasets/GarbageBag/00000193.jpg,GarbageBag
/content/drive/MyDrive/Datasets/PaperBag/00000109.jpg,PaperBag
/content/drive/MyDrive/Datasets/PaperBag/00000230.jpg,PaperBag
/content/drive/MyDrive/Datasets/PaperBag/00000080.jpg,PaperBag
/content/drive/MyDrive/Datasets/PlasticBag/00000404.jpg,PlasticBag
/content/drive/MyDrive/Datasets/PlasticBag/00000143.jpg,PlasticBag
/content/drive/MyDrive/Datasets/GarbageBag/00000189.jpg,GarbageBag
/content/drive/MyDrive/Datasets/GarbageBag/00000346.jpg,GarbageBag
/content/drive/MyDrive/Datasets/PlasticBag/00000070.jpg,PlasticBag
/content/drive/MyDrive/Datasets/GarbageBag/00000353.jpg,GarbageBag
/content/drive/MyDrive/Datasets/GarbageBag/00000214.jpg,GarbageBag
/content/drive/MyDrive/Datasets/PaperBag/00000171.jpg,PaperBag
/content/drive/MyDrive/Datasets/PaperBag/00000485.jpg,PaperBag
/content/drive/MyDrive/Datasets/GarbageBag/00000196.jpg,GarbageBag
/content/drive/MyDrive/Datasets/PaperBag/00000222.jpg,PaperBag
/content/drive/MyDrive/Datasets/GarbageBag/00000336.jpg,GarbageBag
/content/drive/MyDrive/Datasets/GarbageBag/00000286.jpg,GarbageBag
/content/drive/MyDrive/Datasets/GarbageBag/00000334.jpg,GarbageBag
/content/drive/MyDrive/Datasets/GarbageBag/00000406.jpg,GarbageBag
/content/drive/MyDrive/Datasets/GarbageBag/00000348.jpg,GarbageBag
/content/drive/MyDrive/Datasets/GarbageBag/00000181.jpg,GarbageBag
/content/drive/MyDrive/Datasets/PaperBag/00000219.jpg,PaperBag
/content/drive/MyDrive/Datasets/PlasticBag/00000017.jpg,PlasticBag
/content/drive/MyDrive/Datasets/PaperBag/00000163.jpg,PaperBag
/content/drive/MyDrive/Datasets/PaperBag/00000370.jpg,PaperBag
/content/drive/MyDrive/Datasets/GarbageBag/00000460.jpg,GarbageBag
/content/drive/MyDrive/Datasets/PlasticBag/00000194.jpg,PlasticBag
/content/drive/MyDrive/Datasets/PlasticBag/00000114.jpg,PlasticBag
/content/drive/MyDrive/Datasets/PaperBag/00000250.jpg,PaperBag
/content/drive/MyDrive/Datasets/PlasticBag/00000099.jpg,PlasticBag
/content/drive/MyDrive/Datasets/PaperBag/00000070.jpg,PaperBag
/content/drive/MyDrive/Datasets/PlasticBag/00000256.jpg,PlasticBag
/content/drive/MyDrive/Datasets/PlasticBag/00000393.jpg,PlasticBag
/content/drive/MyDrive/Datasets/PaperBag/00000069.jpg,PaperBag
/content/drive/MyDrive/Datasets/PaperBag/00000014.jpg,PaperBag
/content/drive/MyDrive/Datasets/PaperBag/00000124.jpg,PaperBag
/content/drive/MyDrive/Datasets/GarbageBag/00000250.jpg,GarbageBag
/content/drive/MyDrive/Datasets/PlasticBag/00000087.jpg,PlasticBag
/content/drive/MyDrive/Datasets/GarbageBag/00000343.jpg,GarbageBag
/content/drive/MyDrive/Datasets/PlasticBag/00000364.jpg,PlasticBag
/content/drive/MyDrive/Datasets/GarbageBag/00000063.jpg,GarbageBag
/content/drive/MyDrive/Datasets/PlasticBag/00000306.jpg,PlasticBag
/content/drive/MyDrive/Datasets/GarbageBag/00000276.jpg,GarbageBag
/content/drive/MyDrive/Datasets/GarbageBag/00000109.jpg,GarbageBag
/content/drive/MyDrive/Datasets/PlasticBag/00000493.jpg,PlasticBag
/content/drive/MyDrive/Datasets/GarbageBag/00000314.jpg,GarbageBag
/content/drive/MyDrive/Datasets/PlasticBag/00000343.jpg,PlasticBag
/content/drive/MyDrive/Datasets/PaperBag/00000178.jpg,PaperBag
/content/drive/MyDrive/Datasets/PaperBag/00000403.jpg,PaperBag
/content/drive/MyDrive/Datasets/PlasticBag/00000406.jpg,PlasticBag
/content/drive/MyDrive/Datasets/PaperBag/00000220.jpg,PaperBag
/content/drive/MyDrive/Datasets/PaperBag/00000046.jpg,PaperBag
/content/drive/MyDrive/Datasets/PaperBag/00000216.jpg,PaperBag
/content/drive/MyDrive/Datasets/PaperBag/00000342.jpg,PaperBag
/content/drive/MyDrive/Datasets/GarbageBag/00000160.jpg,GarbageBag
/content/drive/MyDrive/Datasets/GarbageBag/00000282.jpg,GarbageBag
/content/drive/MyDrive/Datasets/PlasticBag/00000144.jpg,PlasticBag
/content/drive/MyDrive/Datasets/GarbageBag/00000278.jpg,GarbageBag
/content/drive/MyDrive/Datasets/PlasticBag/00000340.jpg,PlasticBag
/content/drive/MyDrive/Datasets/PaperBag/00000000.jpg,PaperBag
/content/drive/MyDrive/Datasets/GarbageBag/00000291.jpg,GarbageBag
/content/drive/MyDrive/Datasets/GarbageBag/00000230.jpg,GarbageBag
/content/drive/MyDrive/Datasets/GarbageBag/00000024.jpg,GarbageBag
/content/drive/MyDrive/Datasets/PlasticBag/00000015.jpg,PlasticBag
/content/drive/MyDrive/Datasets/PaperBag/00000310.jpg,PaperBag
/content/drive/MyDrive/Datasets/GarbageBag/00000150.jpg,GarbageBag
/content/drive/MyDrive/Datasets/GarbageBag/00000145.jpg,GarbageBag
/content/drive/MyDrive/Datasets/PlasticBag/00000308.jpg,PlasticBag
/content/drive/MyDrive/Datasets/GarbageBag/00000215.jpg,GarbageBag
/content/drive/MyDrive/Datasets/PlasticBag/00000328.jpg,PlasticBag
/content/drive/MyDrive/Datasets/PaperBag/00000138.jpg,PaperBag
/content/drive/MyDrive/Datasets/GarbageBag/00000235.jpg,GarbageBag
/content/drive/MyDrive/Datasets/PaperBag/00000433.jpg,PaperBag
/content/drive/MyDrive/Datasets/PlasticBag/00000036.jpg,PlasticBag
/content/drive/MyDrive/Datasets/PlasticBag/00000278.jpg,PlasticBag
/content/drive/MyDrive/Datasets/GarbageBag/00000011.jpg,GarbageBag
/content/drive/MyDrive/Datasets/PlasticBag/00000400.jpg,PlasticBag
/content/drive/MyDrive/Datasets/PaperBag/00000318.jpg,PaperBag
/content/drive/MyDrive/Datasets/PlasticBag/00000347.jpg,PlasticBag
/content/drive/MyDrive/Datasets/PlasticBag/00000397.jpg,PlasticBag
/content/drive/MyDrive/Datasets/PlasticBag/00000294.jpg,PlasticBag
/content/drive/MyDrive/Datasets/PlasticBag/00000337.jpg,PlasticBag
/content/drive/MyDrive/Datasets/GarbageBag/00000069.jpg,GarbageBag
/content/drive/MyDrive/Datasets/GarbageBag/00000268.jpg,GarbageBag
/content/drive/MyDrive/Datasets/PaperBag/00000002.jpg,PaperBag
/content/drive/MyDrive/Datasets/GarbageBag/00000062.jpg,GarbageBag
/content/drive/MyDrive/Datasets/PaperBag/00000206.jpg,PaperBag
/content/drive/MyDrive/Datasets/GarbageBag/00000166.jpg,GarbageBag
/content/drive/MyDrive/Datasets/PlasticBag/00000466.jpg,PlasticBag
/content/drive/MyDrive/Datasets/GarbageBag/00000248.jpg,GarbageBag
/content/drive/MyDrive/Datasets/PlasticBag/00000014.jpg,PlasticBag
/content/drive/MyDrive/Datasets/GarbageBag/00000161.jpg,GarbageBag
/content/drive/MyDrive/Datasets/PaperBag/00000368.jpg,PaperBag
/content/drive/MyDrive/Datasets/GarbageBag/00000478.jpg,GarbageBag
/content/drive/MyDrive/Datasets/GarbageBag/00000065.jpg,GarbageBag
/content/drive/MyDrive/Datasets/PlasticBag/00000359.jpg,PlasticBag
/content/drive/MyDrive/Datasets/GarbageBag/00000308.jpg,GarbageBag
/content/drive/MyDrive/Datasets/GarbageBag/00000016.jpg,GarbageBag
/content/drive/MyDrive/Datasets/PlasticBag/00000201.jpg,PlasticBag
/content/drive/MyDrive/Datasets/GarbageBag/00000444.jpg,GarbageBag
/content/drive/MyDrive/Datasets/PlasticBag/00000251.jpg,PlasticBag
/content/drive/MyDrive/Datasets/PlasticBag/00000163.jpg,PlasticBag
/content/drive/MyDrive/Datasets/GarbageBag/00000376.jpg,GarbageBag
/content/drive/MyDrive/Datasets/GarbageBag/00000095.jpg,GarbageBag
/content/drive/MyDrive/Datasets/PlasticBag/00000495.jpg,PlasticBag
/content/drive/MyDrive/Datasets/PlasticBag/00000253.jpg,PlasticBag
/content/drive/MyDrive/Datasets/PaperBag/00000038.jpg,PaperBag
/content/drive/MyDrive/Datasets/PlasticBag/00000239.jpg,PlasticBag
/content/drive/MyDrive/Datasets/GarbageBag/00000064.jpg,GarbageBag
/content/drive/MyDrive/Datasets/GarbageBag/00000384.jpg,GarbageBag
/content/drive/MyDrive/Datasets/PlasticBag/00000462.jpg,PlasticBag
/content/drive/MyDrive/Datasets/PlasticBag/00000093.jpg,PlasticBag
/content/drive/MyDrive/Datasets/PaperBag/00000336.jpg,PaperBag
/content/drive/MyDrive/Datasets/PlasticBag/00000059.jpg,PlasticBag
/content/drive/MyDrive/Datasets/GarbageBag/00000174.jpg,GarbageBag
/content/drive/MyDrive/Datasets/PlasticBag/00000031.jpg,PlasticBag
/content/drive/MyDrive/Datasets/PaperBag/00000360.jpg,PaperBag
/content/drive/MyDrive/Datasets/GarbageBag/00000212.jpg,GarbageBag
/content/drive/MyDrive/Datasets/PaperBag/00000436.jpg,PaperBag
/content/drive/MyDrive/Datasets/PaperBag/00000381.jpg,PaperBag
/content/drive/MyDrive/Datasets/GarbageBag/00000243.jpg,GarbageBag
/content/drive/MyDrive/Datasets/PaperBag/00000065.jpg,PaperBag
/content/drive/MyDrive/Datasets/GarbageBag/00000005.jpg,GarbageBag
/content/drive/MyDrive/Datasets/PaperBag/00000190.jpg,PaperBag
/content/drive/MyDrive/Datasets/PaperBag/00000017.jpg,PaperBag
/content/drive/MyDrive/Datasets/PaperBag/00000156.jpg,PaperBag
/content/drive/MyDrive/Datasets/PaperBag/00000445.jpg,PaperBag
/content/drive/MyDrive/Datasets/GarbageBag/00000234.jpg,GarbageBag
/content/drive/MyDrive/Datasets/PlasticBag/00000013.jpg,PlasticBag
/content/drive/MyDrive/Datasets/GarbageBag/00000463.jpg,GarbageBag
/content/drive/MyDrive/Datasets/PlasticBag/00000026.jpg,PlasticBag
/content/drive/MyDrive/Datasets/GarbageBag/00000147.jpg,GarbageBag
/content/drive/MyDrive/Datasets/PaperBag/00000131.jpg,PaperBag
/content/drive/MyDrive/Datasets/PlasticBag/00000107.jpg,PlasticBag
/content/drive/MyDrive/Datasets/PlasticBag/00000224.jpg,PlasticBag
/content/drive/MyDrive/Datasets/PlasticBag/00000453.jpg,PlasticBag
/content/drive/MyDrive/Datasets/GarbageBag/00000048.jpg,GarbageBag
/content/drive/MyDrive/Datasets/GarbageBag/00000320.jpg,GarbageBag
/content/drive/MyDrive/Datasets/GarbageBag/00000111.jpg,GarbageBag
/content/drive/MyDrive/Datasets/PaperBag/00000213.jpg,PaperBag
/content/drive/MyDrive/Datasets/GarbageBag/00000206.jpg,GarbageBag
/content/drive/MyDrive/Datasets/GarbageBag/00000319.jpg,GarbageBag
/content/drive/MyDrive/Datasets/GarbageBag/00000204.jpg,GarbageBag
/content/drive/MyDrive/Datasets/PlasticBag/00000266.jpg,PlasticBag
/content/drive/MyDrive/Datasets/GarbageBag/00000259.jpg,GarbageBag
/content/drive/MyDrive/Datasets/PaperBag/00000312.jpg,PaperBag
/content/drive/MyDrive/Datasets/PlasticBag/00000483.jpg,PlasticBag
/content/drive/MyDrive/Datasets/PaperBag/00000493.jpg,PaperBag
/content/drive/MyDrive/Datasets/PlasticBag/00000482.jpg,PlasticBag
/content/drive/MyDrive/Datasets/PlasticBag/00000198.jpg,PlasticBag
/content/drive/MyDrive/Datasets/PlasticBag/00000416.jpg,PlasticBag
/content/drive/MyDrive/Datasets/PaperBag/00000036.jpg,PaperBag
/content/drive/MyDrive/Datasets/PaperBag/00000297.jpg,PaperBag
/content/drive/MyDrive/Datasets/GarbageBag/00000408.jpg,GarbageBag
/content/drive/MyDrive/Datasets/PaperBag/00000217.jpg,PaperBag
/content/drive/MyDrive/Datasets/PaperBag/00000240.jpg,PaperBag
/content/drive/MyDrive/Datasets/GarbageBag/00000066.jpg,GarbageBag
/content/drive/MyDrive/Datasets/PlasticBag/00000195.jpg,PlasticBag
/content/drive/MyDrive/Datasets/PaperBag/00000448.jpg,PaperBag
/content/drive/MyDrive/Datasets/PaperBag/00000147.jpg,PaperBag
/content/drive/MyDrive/Datasets/GarbageBag/00000381.jpg,GarbageBag
/content/drive/MyDrive/Datasets/PlasticBag/00000082.jpg,PlasticBag
/content/drive/MyDrive/Datasets/PaperBag/00000384.jpg,PaperBag
/content/drive/MyDrive/Datasets/GarbageBag/00000472.jpg,GarbageBag
/content/drive/MyDrive/Datasets/PaperBag/00000294.jpg,PaperBag
/content/drive/MyDrive/Datasets/GarbageBag/00000273.jpg,GarbageBag
/content/drive/MyDrive/Datasets/PaperBag/00000100.jpg,PaperBag
/content/drive/MyDrive/Datasets/GarbageBag/00000300.jpg,GarbageBag
/content/drive/MyDrive/Datasets/PlasticBag/00000491.jpg,PlasticBag
/content/drive/MyDrive/Datasets/PlasticBag/00000285.jpg,PlasticBag
/content/drive/MyDrive/Datasets/PlasticBag/00000320.jpg,PlasticBag
/content/drive/MyDrive/Datasets/PlasticBag/00000038.jpg,PlasticBag
/content/drive/MyDrive/Datasets/PlasticBag/00000395.jpg,PlasticBag
/content/drive/MyDrive/Datasets/GarbageBag/00000347.jpg,GarbageBag
/content/drive/MyDrive/Datasets/PlasticBag/00000162.jpg,PlasticBag
/content/drive/MyDrive/Datasets/PlasticBag/00000190.jpg,PlasticBag
/content/drive/MyDrive/Datasets/PlasticBag/00000489.jpg,PlasticBag
/content/drive/MyDrive/Datasets/PlasticBag/00000303.jpg,PlasticBag
/content/drive/MyDrive/Datasets/PlasticBag/00000358.jpg,PlasticBag
/content/drive/MyDrive/Datasets/GarbageBag/00000013.jpg,GarbageBag
/content/drive/MyDrive/Datasets/PlasticBag/00000219.jpg,PlasticBag
/content/drive/MyDrive/Datasets/PaperBag/00000473.jpg,PaperBag
/content/drive/MyDrive/Datasets/PlasticBag/00000133.jpg,PlasticBag
/content/drive/MyDrive/Datasets/PaperBag/00000307.jpg,PaperBag
/content/drive/MyDrive/Datasets/PlasticBag/00000111.jpg,PlasticBag
/content/drive/MyDrive/Datasets/PaperBag/00000183.jpg,PaperBag
/content/drive/MyDrive/Datasets/PaperBag/00000311.jpg,PaperBag
/content/drive/MyDrive/Datasets/PlasticBag/00000052.jpg,PlasticBag
/content/drive/MyDrive/Datasets/PlasticBag/00000096.jpg,PlasticBag
/content/drive/MyDrive/Datasets/PlasticBag/00000004.jpg,PlasticBag
/content/drive/MyDrive/Datasets/GarbageBag/00000262.jpg,GarbageBag
/content/drive/MyDrive/Datasets/PlasticBag/00000451.jpg,PlasticBag
/content/drive/MyDrive/Datasets/PaperBag/00000423.jpg,PaperBag
/content/drive/MyDrive/Datasets/PaperBag/00000309.jpg,PaperBag
/content/drive/MyDrive/Datasets/PaperBag/00000176.jpg,PaperBag
/content/drive/MyDrive/Datasets/PaperBag/00000402.jpg,PaperBag
/content/drive/MyDrive/Datasets/GarbageBag/00000480.jpg,GarbageBag
/content/drive/MyDrive/Datasets/PaperBag/00000471.jpg,PaperBag
/content/drive/MyDrive/Datasets/PlasticBag/00000276.jpg,PlasticBag
/content/drive/MyDrive/Datasets/PlasticBag/00000422.jpg,PlasticBag
/content/drive/MyDrive/Datasets/GarbageBag/00000489.jpg,GarbageBag
/content/drive/MyDrive/Datasets/PlasticBag/00000138.jpg,PlasticBag
/content/drive/MyDrive/Datasets/GarbageBag/00000429.jpg,GarbageBag
/content/drive/MyDrive/Datasets/GarbageBag/00000129.jpg,GarbageBag
/content/drive/MyDrive/Datasets/GarbageBag/00000000.jpg,GarbageBag
/content/drive/MyDrive/Datasets/PlasticBag/00000137.jpg,PlasticBag
/content/drive/MyDrive/Datasets/GarbageBag/00000018.jpg,GarbageBag
/content/drive/MyDrive/Datasets/GarbageBag/00000190.jpg,GarbageBag
/content/drive/MyDrive/Datasets/PlasticBag/00000317.jpg,PlasticBag
/content/drive/MyDrive/Datasets/GarbageBag/00000094.jpg,GarbageBag
/content/drive/MyDrive/Datasets/GarbageBag/00000124.jpg,GarbageBag
/content/drive/MyDrive/Datasets/PaperBag/00000231.jpg,PaperBag
/content/drive/MyDrive/Datasets/PaperBag/00000470.jpg,PaperBag
/content/drive/MyDrive/Datasets/PlasticBag/00000413.jpg,PlasticBag
/content/drive/MyDrive/Datasets/PaperBag/00000139.jpg,PaperBag
/content/drive/MyDrive/Datasets/PlasticBag/00000459.jpg,PlasticBag
/content/drive/MyDrive/Datasets/PaperBag/00000496.jpg,PaperBag
/content/drive/MyDrive/Datasets/GarbageBag/00000226.jpg,GarbageBag
/content/drive/MyDrive/Datasets/PlasticBag/00000259.jpg,PlasticBag
/content/drive/MyDrive/Datasets/PlasticBag/00000480.jpg,PlasticBag
/content/drive/MyDrive/Datasets/GarbageBag/00000125.jpg,GarbageBag
/content/drive/MyDrive/Datasets/GarbageBag/00000403.jpg,GarbageBag
/content/drive/MyDrive/Datasets/GarbageBag/00000435.jpg,GarbageBag
/content/drive/MyDrive/Datasets/PaperBag/00000041.jpg,PaperBag
/content/drive/MyDrive/Datasets/PaperBag/00000128.jpg,PaperBag
/content/drive/MyDrive/Datasets/GarbageBag/00000219.jpg,GarbageBag
/content/drive/MyDrive/Datasets/PlasticBag/00000197.jpg,PlasticBag
/content/drive/MyDrive/Datasets/PaperBag/00000083.jpg,PaperBag
/content/drive/MyDrive/Datasets/PaperBag/00000265.jpg,PaperBag
/content/drive/MyDrive/Datasets/PaperBag/00000073.jpg,PaperBag
/content/drive/MyDrive/Datasets/PaperBag/00000474.jpg,PaperBag
/content/drive/MyDrive/Datasets/PlasticBag/00000156.jpg,PlasticBag
/content/drive/MyDrive/Datasets/PaperBag/00000347.jpg,PaperBag
/content/drive/MyDrive/Datasets/PaperBag/00000406.jpg,PaperBag
/content/drive/MyDrive/Datasets/PaperBag/00000053.jpg,PaperBag
/content/drive/MyDrive/Datasets/GarbageBag/00000360.jpg,GarbageBag
/content/drive/MyDrive/Datasets/PlasticBag/00000071.jpg,PlasticBag
/content/drive/MyDrive/Datasets/GarbageBag/00000393.jpg,GarbageBag
/content/drive/MyDrive/Datasets/PaperBag/00000196.jpg,PaperBag
/content/drive/MyDrive/Datasets/GarbageBag/00000418.jpg,GarbageBag
/content/drive/MyDrive/Datasets/PlasticBag/00000407.jpg,PlasticBag
/content/drive/MyDrive/Datasets/PlasticBag/00000344.jpg,PlasticBag
/content/drive/MyDrive/Datasets/GarbageBag/00000084.jpg,GarbageBag
/content/drive/MyDrive/Datasets/PlasticBag/00000053.jpg,PlasticBag
/content/drive/MyDrive/Datasets/PlasticBag/00000176.jpg,PlasticBag
/content/drive/MyDrive/Datasets/PaperBag/00000385.jpg,PaperBag
/content/drive/MyDrive/Datasets/PlasticBag/00000442.jpg,PlasticBag
/content/drive/MyDrive/Datasets/PaperBag/00000480.jpg,PaperBag
/content/drive/MyDrive/Datasets/PaperBag/00000373.jpg,PaperBag
/content/drive/MyDrive/Datasets/GarbageBag/00000464.jpg,GarbageBag
/content/drive/MyDrive/Datasets/PaperBag/00000253.jpg,PaperBag
/content/drive/MyDrive/Datasets/GarbageBag/00000202.jpg,GarbageBag
/content/drive/MyDrive/Datasets/PlasticBag/00000100.jpg,PlasticBag
/content/drive/MyDrive/Datasets/PlasticBag/00000055.jpg,PlasticBag
/content/drive/MyDrive/Datasets/PlasticBag/00000030.jpg,PlasticBag
/content/drive/MyDrive/Datasets/PaperBag/00000426.jpg,PaperBag
/content/drive/MyDrive/Datasets/PaperBag/00000054.jpg,PaperBag
/content/drive/MyDrive/Datasets/PlasticBag/00000390.jpg,PlasticBag
/content/drive/MyDrive/Datasets/GarbageBag/00000362.jpg,GarbageBag
/content/drive/MyDrive/Datasets/GarbageBag/00000272.jpg,GarbageBag
/content/drive/MyDrive/Datasets/PaperBag/00000344.jpg,PaperBag
/content/drive/MyDrive/Datasets/GarbageBag/00000051.jpg,GarbageBag
/content/drive/MyDrive/Datasets/GarbageBag/00000036.jpg,GarbageBag
/content/drive/MyDrive/Datasets/PaperBag/00000391.jpg,PaperBag
/content/drive/MyDrive/Datasets/GarbageBag/00000218.jpg,GarbageBag
/content/drive/MyDrive/Datasets/GarbageBag/00000010.jpg,GarbageBag
/content/drive/MyDrive/Datasets/PlasticBag/00000042.jpg,PlasticBag
/content/drive/MyDrive/Datasets/PaperBag/00000235.jpg,PaperBag
/content/drive/MyDrive/Datasets/GarbageBag/00000449.jpg,GarbageBag
/content/drive/MyDrive/Datasets/PlasticBag/00000047.jpg,PlasticBag
/content/drive/MyDrive/Datasets/PaperBag/00000192.jpg,PaperBag
/content/drive/MyDrive/Datasets/GarbageBag/00000220.jpg,GarbageBag
/content/drive/MyDrive/Datasets/PaperBag/00000389.jpg,PaperBag
/content/drive/MyDrive/Datasets/PlasticBag/00000350.jpg,PlasticBag
/content/drive/MyDrive/Datasets/GarbageBag/00000277.jpg,GarbageBag
/content/drive/MyDrive/Datasets/PlasticBag/00000152.jpg,PlasticBag
/content/drive/MyDrive/Datasets/PaperBag/00000401.jpg,PaperBag
/content/drive/MyDrive/Datasets/PaperBag/00000295.jpg,PaperBag
/content/drive/MyDrive/Datasets/PlasticBag/00000458.jpg,PlasticBag
/content/drive/MyDrive/Datasets/PlasticBag/00000456.jpg,PlasticBag
/content/drive/MyDrive/Datasets/PlasticBag/00000318.jpg,PlasticBag
/content/drive/MyDrive/Datasets/GarbageBag/00000256.jpg,GarbageBag
/content/drive/MyDrive/Datasets/PlasticBag/00000257.jpg,PlasticBag
/content/drive/MyDrive/Datasets/GarbageBag/00000164.jpg,GarbageBag
/content/drive/MyDrive/Datasets/PlasticBag/00000110.jpg,PlasticBag
/content/drive/MyDrive/Datasets/PaperBag/00000133.jpg,PaperBag
/content/drive/MyDrive/Datasets/GarbageBag/00000152.jpg,GarbageBag
/content/drive/MyDrive/Datasets/PlasticBag/00000061.jpg,PlasticBag
/content/drive/MyDrive/Datasets/PlasticBag/00000086.jpg,PlasticBag
/content/drive/MyDrive/Datasets/GarbageBag/00000374.jpg,GarbageBag
/content/drive/MyDrive/Datasets/PaperBag/00000024.jpg,PaperBag
/content/drive/MyDrive/Datasets/PaperBag/00000457.jpg,PaperBag
/content/drive/MyDrive/Datasets/PaperBag/00000119.jpg,PaperBag
/content/drive/MyDrive/Datasets/PlasticBag/00000131.jpg,PlasticBag
/content/drive/MyDrive/Datasets/PlasticBag/00000433.jpg,PlasticBag
/content/drive/MyDrive/Datasets/GarbageBag/00000107.jpg,GarbageBag
/content/drive/MyDrive/Datasets/GarbageBag/00000027.jpg,GarbageBag
/content/drive/MyDrive/Datasets/PlasticBag/00000473.jpg,PlasticBag
/content/drive/MyDrive/Datasets/GarbageBag/00000267.jpg,GarbageBag
/content/drive/MyDrive/Datasets/PaperBag/00000118.jpg,PaperBag
/content/drive/MyDrive/Datasets/PlasticBag/00000403.jpg,PlasticBag
/content/drive/MyDrive/Datasets/GarbageBag/00000387.jpg,GarbageBag
/content/drive/MyDrive/Datasets/GarbageBag/00000123.jpg,GarbageBag
/content/drive/MyDrive/Datasets/PlasticBag/00000307.jpg,PlasticBag
/content/drive/MyDrive/Datasets/PlasticBag/00000200.jpg,PlasticBag
/content/drive/MyDrive/Datasets/PaperBag/00000262.jpg,PaperBag
/content/drive/MyDrive/Datasets/GarbageBag/00000297.jpg,GarbageBag
/content/drive/MyDrive/Datasets/GarbageBag/00000357.jpg,GarbageBag
/content/drive/MyDrive/Datasets/PlasticBag/00000073.jpg,PlasticBag
/content/drive/MyDrive/Datasets/GarbageBag/00000388.jpg,GarbageBag
/content/drive/MyDrive/Datasets/GarbageBag/00000104.jpg,GarbageBag
/content/drive/MyDrive/Datasets/PlasticBag/00000424.jpg,PlasticBag
/content/drive/MyDrive/Datasets/PaperBag/00000269.jpg,PaperBag
/content/drive/MyDrive/Datasets/PlasticBag/00000286.jpg,PlasticBag
/content/drive/MyDrive/Datasets/PlasticBag/00000383.jpg,PlasticBag
/content/drive/MyDrive/Datasets/GarbageBag/00000030.jpg,GarbageBag
/content/drive/MyDrive/Datasets/PlasticBag/00000252.jpg,PlasticBag
/content/drive/MyDrive/Datasets/GarbageBag/00000318.jpg,GarbageBag
/content/drive/MyDrive/Datasets/GarbageBag/00000398.jpg,GarbageBag
/content/drive/MyDrive/Datasets/GarbageBag/00000135.jpg,GarbageBag
/content/drive/MyDrive/Datasets/PaperBag/00000350.jpg,PaperBag
/content/drive/MyDrive/Datasets/GarbageBag/00000043.jpg,GarbageBag
/content/drive/MyDrive/Datasets/PaperBag/00000194.jpg,PaperBag
/content/drive/MyDrive/Datasets/PaperBag/00000283.jpg,PaperBag
/content/drive/MyDrive/Datasets/PlasticBag/00000485.jpg,PlasticBag
/content/drive/MyDrive/Datasets/GarbageBag/00000254.jpg,GarbageBag
/content/drive/MyDrive/Datasets/PaperBag/00000252.jpg,PaperBag
/content/drive/MyDrive/Datasets/PaperBag/00000032.jpg,PaperBag
/content/drive/MyDrive/Datasets/PaperBag/00000341.jpg,PaperBag
/content/drive/MyDrive/Datasets/GarbageBag/00000046.jpg,GarbageBag
/content/drive/MyDrive/Datasets/PaperBag/00000098.jpg,PaperBag
/content/drive/MyDrive/Datasets/PaperBag/00000449.jpg,PaperBag
/content/drive/MyDrive/Datasets/GarbageBag/00000194.jpg,GarbageBag
/content/drive/MyDrive/Datasets/GarbageBag/00000237.jpg,GarbageBag
/content/drive/MyDrive/Datasets/PaperBag/00000497.jpg,PaperBag
/content/drive/MyDrive/Datasets/PlasticBag/00000148.jpg,PlasticBag
/content/drive/MyDrive/Datasets/GarbageBag/00000323.jpg,GarbageBag
/content/drive/MyDrive/Datasets/PaperBag/00000010.jpg,PaperBag
/content/drive/MyDrive/Datasets/PaperBag/00000455.jpg,PaperBag
/content/drive/MyDrive/Datasets/GarbageBag/00000127.jpg,GarbageBag
/content/drive/MyDrive/Datasets/PaperBag/00000343.jpg,PaperBag
/content/drive/MyDrive/Datasets/GarbageBag/00000076.jpg,GarbageBag
/content/drive/MyDrive/Datasets/GarbageBag/00000187.jpg,GarbageBag
/content/drive/MyDrive/Datasets/GarbageBag/00000049.jpg,GarbageBag
/content/drive/MyDrive/Datasets/PaperBag/00000238.jpg,PaperBag
/content/drive/MyDrive/Datasets/PlasticBag/00000205.jpg,PlasticBag
/content/drive/MyDrive/Datasets/PaperBag/00000337.jpg,PaperBag
/content/drive/MyDrive/Datasets/PlasticBag/00000249.jpg,PlasticBag
/content/drive/MyDrive/Datasets/PlasticBag/00000186.jpg,PlasticBag
/content/drive/MyDrive/Datasets/PlasticBag/00000105.jpg,PlasticBag
/content/drive/MyDrive/Datasets/GarbageBag/00000344.jpg,GarbageBag
/content/drive/MyDrive/Datasets/GarbageBag/00000078.jpg,GarbageBag
/content/drive/MyDrive/Datasets/PaperBag/00000078.jpg,PaperBag
/content/drive/MyDrive/Datasets/GarbageBag/00000373.jpg,GarbageBag
/content/drive/MyDrive/Datasets/GarbageBag/00000337.jpg,GarbageBag
/content/drive/MyDrive/Datasets/PaperBag/00000463.jpg,PaperBag
/content/drive/MyDrive/Datasets/PlasticBag/00000085.jpg,PlasticBag
/content/drive/MyDrive/Datasets/PaperBag/00000008.jpg,PaperBag
/content/drive/MyDrive/Datasets/PaperBag/00000151.jpg,PaperBag
/content/drive/MyDrive/Datasets/PaperBag/00000120.jpg,PaperBag
/content/drive/MyDrive/Datasets/GarbageBag/00000172.jpg,GarbageBag
/content/drive/MyDrive/Datasets/GarbageBag/00000110.jpg,GarbageBag
/content/drive/MyDrive/Datasets/GarbageBag/00000169.jpg,GarbageBag
/content/drive/MyDrive/Datasets/GarbageBag/00000120.jpg,GarbageBag
/content/drive/MyDrive/Datasets/PlasticBag/00000185.jpg,PlasticBag
/content/drive/MyDrive/Datasets/GarbageBag/00000201.jpg,GarbageBag
/content/drive/MyDrive/Datasets/PaperBag/00000129.jpg,PaperBag
/content/drive/MyDrive/Datasets/PaperBag/00000108.jpg,PaperBag
/content/drive/MyDrive/Datasets/PaperBag/00000339.jpg,PaperBag
/content/drive/MyDrive/Datasets/GarbageBag/00000327.jpg,GarbageBag
/content/drive/MyDrive/Datasets/PaperBag/00000314.jpg,PaperBag
/content/drive/MyDrive/Datasets/PlasticBag/00000496.jpg,PlasticBag
/content/drive/MyDrive/Datasets/PlasticBag/00000457.jpg,PlasticBag
/content/drive/MyDrive/Datasets/PlasticBag/00000254.jpg,PlasticBag
/content/drive/MyDrive/Datasets/GarbageBag/00000233.jpg,GarbageBag
/content/drive/MyDrive/Datasets/GarbageBag/00000368.jpg,GarbageBag
/content/drive/MyDrive/Datasets/GarbageBag/00000425.jpg,GarbageBag
/content/drive/MyDrive/Datasets/PlasticBag/00000222.jpg,PlasticBag
/content/drive/MyDrive/Datasets/PaperBag/00000424.jpg,PaperBag
/content/drive/MyDrive/Datasets/PlasticBag/00000426.jpg,PlasticBag
/content/drive/MyDrive/Datasets/PlasticBag/00000123.jpg,PlasticBag
/content/drive/MyDrive/Datasets/GarbageBag/00000434.jpg,GarbageBag
/content/drive/MyDrive/Datasets/PlasticBag/00000375.jpg,PlasticBag
/content/drive/MyDrive/Datasets/PlasticBag/00000220.jpg,PlasticBag
/content/drive/MyDrive/Datasets/PlasticBag/00000037.jpg,PlasticBag
/content/drive/MyDrive/Datasets/PaperBag/00000430.jpg,PaperBag
/content/drive/MyDrive/Datasets/PlasticBag/00000267.jpg,PlasticBag
/content/drive/MyDrive/Datasets/PlasticBag/00000437.jpg,PlasticBag
/content/drive/MyDrive/Datasets/PaperBag/00000372.jpg,PaperBag
/content/drive/MyDrive/Datasets/PaperBag/00000141.jpg,PaperBag
/content/drive/MyDrive/Datasets/PaperBag/00000086.jpg,PaperBag
/content/drive/MyDrive/Datasets/GarbageBag/00000263.jpg,GarbageBag
/content/drive/MyDrive/Datasets/PaperBag/00000258.jpg,PaperBag
/content/drive/MyDrive/Datasets/GarbageBag/00000023.jpg,GarbageBag
/content/drive/MyDrive/Datasets/PaperBag/00000459.jpg,PaperBag
/content/drive/MyDrive/Datasets/PlasticBag/00000187.jpg,PlasticBag
/content/drive/MyDrive/Datasets/PaperBag/00000249.jpg,PaperBag
/content/drive/MyDrive/Datasets/GarbageBag/00000305.jpg,GarbageBag
/content/drive/MyDrive/Datasets/GarbageBag/00000477.jpg,GarbageBag
/content/drive/MyDrive/Datasets/PlasticBag/00000391.jpg,PlasticBag
/content/drive/MyDrive/Datasets/PaperBag/00000369.jpg,PaperBag
/content/drive/MyDrive/Datasets/PaperBag/00000421.jpg,PaperBag
/content/drive/MyDrive/Datasets/PlasticBag/00000446.jpg,PlasticBag
/content/drive/MyDrive/Datasets/PaperBag/00000094.jpg,PaperBag
/content/drive/MyDrive/Datasets/GarbageBag/00000210.jpg,GarbageBag
/content/drive/MyDrive/Datasets/PlasticBag/00000231.jpg,PlasticBag
/content/drive/MyDrive/Datasets/PaperBag/00000468.jpg,PaperBag
/content/drive/MyDrive/Datasets/PaperBag/00000409.jpg,PaperBag
/content/drive/MyDrive/Datasets/PaperBag/00000048.jpg,PaperBag
/content/drive/MyDrive/Datasets/PaperBag/00000278.jpg,PaperBag
/content/drive/MyDrive/Datasets/PaperBag/00000358.jpg,PaperBag
/content/drive/MyDrive/Datasets/PlasticBag/00000381.jpg,PlasticBag
/content/drive/MyDrive/Datasets/GarbageBag/00000040.jpg,GarbageBag
/content/drive/MyDrive/Datasets/GarbageBag/00000331.jpg,GarbageBag
/content/drive/MyDrive/Datasets/GarbageBag/00000098.jpg,GarbageBag
/content/drive/MyDrive/Datasets/GarbageBag/00000317.jpg,GarbageBag
/content/drive/MyDrive/Datasets/PaperBag/00000064.jpg,PaperBag
/content/drive/MyDrive/Datasets/GarbageBag/00000264.jpg,GarbageBag
/content/drive/MyDrive/Datasets/PlasticBag/00000112.jpg,PlasticBag
/content/drive/MyDrive/Datasets/PaperBag/00000201.jpg,PaperBag
/content/drive/MyDrive/Datasets/PaperBag/00000289.jpg,PaperBag
/content/drive/MyDrive/Datasets/GarbageBag/00000310.jpg,GarbageBag
/content/drive/MyDrive/Datasets/PaperBag/00000107.jpg,PaperBag
/content/drive/MyDrive/Datasets/PlasticBag/00000118.jpg,PlasticBag
/content/drive/MyDrive/Datasets/PaperBag/00000328.jpg,PaperBag
/content/drive/MyDrive/Datasets/GarbageBag/00000144.jpg,GarbageBag
/content/drive/MyDrive/Datasets/PlasticBag/00000191.jpg,PlasticBag
/content/drive/MyDrive/Datasets/GarbageBag/00000216.jpg,GarbageBag
/content/drive/MyDrive/Datasets/GarbageBag/00000281.jpg,GarbageBag
/content/drive/MyDrive/Datasets/PaperBag/00000012.jpg,PaperBag
/content/drive/MyDrive/Datasets/GarbageBag/00000025.jpg,GarbageBag
/content/drive/MyDrive/Datasets/GarbageBag/00000294.jpg,GarbageBag
/content/drive/MyDrive/Datasets/PlasticBag/00000349.jpg,PlasticBag
/content/drive/MyDrive/Datasets/PaperBag/00000214.jpg,PaperBag
/content/drive/MyDrive/Datasets/PaperBag/00000499.jpg,PaperBag
/content/drive/MyDrive/Datasets/PaperBag/00000062.jpg,PaperBag
/content/drive/MyDrive/Datasets/PaperBag/00000092.jpg,PaperBag
/content/drive/MyDrive/Datasets/PlasticBag/00000487.jpg,PlasticBag
/content/drive/MyDrive/Datasets/PaperBag/00000332.jpg,PaperBag
/content/drive/MyDrive/Datasets/PlasticBag/00000209.jpg,PlasticBag
/content/drive/MyDrive/Datasets/GarbageBag/00000471.jpg,GarbageBag
/content/drive/MyDrive/Datasets/PlasticBag/00000210.jpg,PlasticBag
/content/drive/MyDrive/Datasets/GarbageBag/00000039.jpg,GarbageBag
/content/drive/MyDrive/Datasets/PaperBag/00000105.jpg,PaperBag
/content/drive/MyDrive/Datasets/GarbageBag/00000222.jpg,GarbageBag
/content/drive/MyDrive/Datasets/PlasticBag/00000321.jpg,PlasticBag
/content/drive/MyDrive/Datasets/GarbageBag/00000352.jpg,GarbageBag
/content/drive/MyDrive/Datasets/PlasticBag/00000339.jpg,PlasticBag
/content/drive/MyDrive/Datasets/PlasticBag/00000089.jpg,PlasticBag
/content/drive/MyDrive/Datasets/GarbageBag/00000421.jpg,GarbageBag
/content/drive/MyDrive/Datasets/GarbageBag/00000446.jpg,GarbageBag
/content/drive/MyDrive/Datasets/PaperBag/00000472.jpg,PaperBag
/content/drive/MyDrive/Datasets/PlasticBag/00000057.jpg,PlasticBag
/content/drive/MyDrive/Datasets/PaperBag/00000029.jpg,PaperBag
/content/drive/MyDrive/Datasets/PaperBag/00000152.jpg,PaperBag
/content/drive/MyDrive/Datasets/PaperBag/00000276.jpg,PaperBag
/content/drive/MyDrive/Datasets/PlasticBag/00000130.jpg,PlasticBag
/content/drive/MyDrive/Datasets/PaperBag/00000088.jpg,PaperBag
/content/drive/MyDrive/Datasets/PaperBag/00000442.jpg,PaperBag
/content/drive/MyDrive/Datasets/PlasticBag/00000333.jpg,PlasticBag
/content/drive/MyDrive/Datasets/PlasticBag/00000136.jpg,PlasticBag
/content/drive/MyDrive/Datasets/GarbageBag/00000377.jpg,GarbageBag
/content/drive/MyDrive/Datasets/PlasticBag/00000346.jpg,PlasticBag
/content/drive/MyDrive/Datasets/PaperBag/00000454.jpg,PaperBag
/content/drive/MyDrive/Datasets/PlasticBag/00000461.jpg,PlasticBag
/content/drive/MyDrive/Datasets/PaperBag/00000072.jpg,PaperBag
/content/drive/MyDrive/Datasets/PaperBag/00000087.jpg,PaperBag
/content/drive/MyDrive/Datasets/PaperBag/00000383.jpg,PaperBag
/content/drive/MyDrive/Datasets/GarbageBag/00000162.jpg,GarbageBag
/content/drive/MyDrive/Datasets/PlasticBag/00000361.jpg,PlasticBag
/content/drive/MyDrive/Datasets/PlasticBag/00000370.jpg,PlasticBag
/content/drive/MyDrive/Datasets/PaperBag/00000115.jpg,PaperBag
/content/drive/MyDrive/Datasets/PaperBag/00000135.jpg,PaperBag
/content/drive/MyDrive/Datasets/PaperBag/00000268.jpg,PaperBag
/content/drive/MyDrive/Datasets/PaperBag/00000481.jpg,PaperBag
/content/drive/MyDrive/Datasets/GarbageBag/00000288.jpg,GarbageBag
/content/drive/MyDrive/Datasets/PlasticBag/00000211.jpg,PlasticBag
/content/drive/MyDrive/Datasets/PlasticBag/00000440.jpg,PlasticBag
/content/drive/MyDrive/Datasets/GarbageBag/00000116.jpg,GarbageBag
/content/drive/MyDrive/Datasets/PaperBag/00000435.jpg,PaperBag
/content/drive/MyDrive/Datasets/GarbageBag/00000459.jpg,GarbageBag
/content/drive/MyDrive/Datasets/PlasticBag/00000170.jpg,PlasticBag
/content/drive/MyDrive/Datasets/PaperBag/00000362.jpg,PaperBag
/content/drive/MyDrive/Datasets/GarbageBag/00000067.jpg,GarbageBag
/content/drive/MyDrive/Datasets/PaperBag/00000180.jpg,PaperBag
/content/drive/MyDrive/Datasets/GarbageBag/00000416.jpg,GarbageBag
/content/drive/MyDrive/Datasets/PaperBag/00000464.jpg,PaperBag
/content/drive/MyDrive/Datasets/PaperBag/00000056.jpg,PaperBag
/content/drive/MyDrive/Datasets/PaperBag/00000348.jpg,PaperBag
/content/drive/MyDrive/Datasets/GarbageBag/00000252.jpg,GarbageBag
/content/drive/MyDrive/Datasets/PlasticBag/00000477.jpg,PlasticBag
/content/drive/MyDrive/Datasets/PaperBag/00000330.jpg,PaperBag
/content/drive/MyDrive/Datasets/PlasticBag/00000179.jpg,PlasticBag
/content/drive/MyDrive/Datasets/PlasticBag/00000155.jpg,PlasticBag
/content/drive/MyDrive/Datasets/PaperBag/00000013.jpg,PaperBag
/content/drive/MyDrive/Datasets/PaperBag/00000316.jpg,PaperBag
/content/drive/MyDrive/Datasets/PlasticBag/00000484.jpg,PlasticBag
/content/drive/MyDrive/Datasets/PaperBag/00000479.jpg,PaperBag
/content/drive/MyDrive/Datasets/GarbageBag/00000452.jpg,GarbageBag
/content/drive/MyDrive/Datasets/PlasticBag/00000414.jpg,PlasticBag
/content/drive/MyDrive/Datasets/PlasticBag/00000196.jpg,PlasticBag
/content/drive/MyDrive/Datasets/PaperBag/00000076.jpg,PaperBag
/content/drive/MyDrive/Datasets/GarbageBag/00000146.jpg,GarbageBag
/content/drive/MyDrive/Datasets/GarbageBag/00000396.jpg,GarbageBag
/content/drive/MyDrive/Datasets/GarbageBag/00000450.jpg,GarbageBag
/content/drive/MyDrive/Datasets/GarbageBag/00000454.jpg,GarbageBag
/content/drive/MyDrive/Datasets/PlasticBag/00000295.jpg,PlasticBag
/content/drive/MyDrive/Datasets/PaperBag/00000111.jpg,PaperBag
/content/drive/MyDrive/Datasets/PaperBag/00000317.jpg,PaperBag
/content/drive/MyDrive/Datasets/PlasticBag/00000335.jpg,PlasticBag
/content/drive/MyDrive/Datasets/GarbageBag/00000447.jpg,GarbageBag
/content/drive/MyDrive/Datasets/PaperBag/00000110.jpg,PaperBag
/content/drive/MyDrive/Datasets/GarbageBag/00000168.jpg,GarbageBag
/content/drive/MyDrive/Datasets/PlasticBag/00000417.jpg,PlasticBag
/content/drive/MyDrive/Datasets/GarbageBag/00000117.jpg,GarbageBag
/content/drive/MyDrive/Datasets/PaperBag/00000405.jpg,PaperBag
/content/drive/MyDrive/Datasets/PlasticBag/00000273.jpg,PlasticBag
/content/drive/MyDrive/Datasets/PlasticBag/00000000.jpg,PlasticBag
/content/drive/MyDrive/Datasets/PaperBag/00000434.jpg,PaperBag
/content/drive/MyDrive/Datasets/GarbageBag/00000321.jpg,GarbageBag
/content/drive/MyDrive/Datasets/PlasticBag/00000281.jpg,PlasticBag
/content/drive/MyDrive/Datasets/GarbageBag/00000380.jpg,GarbageBag
/content/drive/MyDrive/Datasets/PlasticBag/00000448.jpg,PlasticBag
/content/drive/MyDrive/Datasets/GarbageBag/00000475.jpg,GarbageBag
/content/drive/MyDrive/Datasets/GarbageBag/00000118.jpg,GarbageBag
/content/drive/MyDrive/Datasets/PaperBag/00000202.jpg,PaperBag
/content/drive/MyDrive/Datasets/PaperBag/00000327.jpg,PaperBag
/content/drive/MyDrive/Datasets/PaperBag/00000306.jpg,PaperBag
/content/drive/MyDrive/Datasets/PaperBag/00000125.jpg,PaperBag
/content/drive/MyDrive/Datasets/GarbageBag/00000240.jpg,GarbageBag
/content/drive/MyDrive/Datasets/PlasticBag/00000072.jpg,PlasticBag
/content/drive/MyDrive/Datasets/PaperBag/00000242.jpg,PaperBag
/content/drive/MyDrive/Datasets/GarbageBag/00000394.jpg,GarbageBag
/content/drive/MyDrive/Datasets/GarbageBag/00000298.jpg,GarbageBag
/content/drive/MyDrive/Datasets/GarbageBag/00000313.jpg,GarbageBag
/content/drive/MyDrive/Datasets/PaperBag/00000030.jpg,PaperBag
/content/drive/MyDrive/Datasets/PaperBag/00000172.jpg,PaperBag
/content/drive/MyDrive/Datasets/GarbageBag/00000329.jpg,GarbageBag
/content/drive/MyDrive/Datasets/GarbageBag/00000192.jpg,GarbageBag
/content/drive/MyDrive/Datasets/GarbageBag/00000462.jpg,GarbageBag
/content/drive/MyDrive/Datasets/GarbageBag/00000003.jpg,GarbageBag
/content/drive/MyDrive/Datasets/PlasticBag/00000217.jpg,PlasticBag
/content/drive/MyDrive/Datasets/PaperBag/00000121.jpg,PaperBag
/content/drive/MyDrive/Datasets/GarbageBag/00000131.jpg,GarbageBag
/content/drive/MyDrive/Datasets/PlasticBag/00000481.jpg,PlasticBag
/content/drive/MyDrive/Datasets/PlasticBag/00000125.jpg,PlasticBag
/content/drive/MyDrive/Datasets/PaperBag/00000396.jpg,PaperBag
/content/drive/MyDrive/Datasets/GarbageBag/00000382.jpg,GarbageBag
/content/drive/MyDrive/Datasets/PaperBag/00000224.jpg,PaperBag
/content/drive/MyDrive/Datasets/PlasticBag/00000142.jpg,PlasticBag
/content/drive/MyDrive/Datasets/PlasticBag/00000018.jpg,PlasticBag
/content/drive/MyDrive/Datasets/PlasticBag/00000387.jpg,PlasticBag
/content/drive/MyDrive/Datasets/PlasticBag/00000324.jpg,PlasticBag
/content/drive/MyDrive/Datasets/PlasticBag/00000019.jpg,PlasticBag
/content/drive/MyDrive/Datasets/PaperBag/00000199.jpg,PaperBag
/content/drive/MyDrive/Datasets/GarbageBag/00000351.jpg,GarbageBag
/content/drive/MyDrive/Datasets/PaperBag/00000066.jpg,PaperBag
/content/drive/MyDrive/Datasets/PaperBag/00000185.jpg,PaperBag
/content/drive/MyDrive/Datasets/GarbageBag/00000093.jpg,GarbageBag
/content/drive/MyDrive/Datasets/PaperBag/00000009.jpg,PaperBag
/content/drive/MyDrive/Datasets/GarbageBag/00000170.jpg,GarbageBag
/content/drive/MyDrive/Datasets/GarbageBag/00000401.jpg,GarbageBag
/content/drive/MyDrive/Datasets/PlasticBag/00000301.jpg,PlasticBag
/content/drive/MyDrive/Datasets/GarbageBag/00000060.jpg,GarbageBag
/content/drive/MyDrive/Datasets/PlasticBag/00000044.jpg,PlasticBag
/content/drive/MyDrive/Datasets/PaperBag/00000418.jpg,PaperBag
/content/drive/MyDrive/Datasets/GarbageBag/00000492.jpg,GarbageBag
/content/drive/MyDrive/Datasets/PaperBag/00000136.jpg,PaperBag
/content/drive/MyDrive/Datasets/PlasticBag/00000216.jpg,PlasticBag
/content/drive/MyDrive/Datasets/PaperBag/00000157.jpg,PaperBag
/content/drive/MyDrive/Datasets/PaperBag/00000226.jpg,PaperBag
/content/drive/MyDrive/Datasets/PlasticBag/00000008.jpg,PlasticBag
/content/drive/MyDrive/Datasets/PlasticBag/00000421.jpg,PlasticBag
/content/drive/MyDrive/Datasets/PlasticBag/00000005.jpg,PlasticBag
/content/drive/MyDrive/Datasets/GarbageBag/00000213.jpg,GarbageBag
/content/drive/MyDrive/Datasets/GarbageBag/00000338.jpg,GarbageBag
/content/drive/MyDrive/Datasets/PlasticBag/00000232.jpg,PlasticBag
/content/drive/MyDrive/Datasets/PaperBag/00000293.jpg,PaperBag
/content/drive/MyDrive/Datasets/GarbageBag/00000260.jpg,GarbageBag
/content/drive/MyDrive/Datasets/GarbageBag/00000180.jpg,GarbageBag
/content/drive/MyDrive/Datasets/GarbageBag/00000114.jpg,GarbageBag
/content/drive/MyDrive/Datasets/PaperBag/00000179.jpg,PaperBag
/content/drive/MyDrive/Datasets/PlasticBag/00000401.jpg,PlasticBag
/content/drive/MyDrive/Datasets/GarbageBag/00000455.jpg,GarbageBag
/content/drive/MyDrive/Datasets/PlasticBag/00000313.jpg,PlasticBag
/content/drive/MyDrive/Datasets/PlasticBag/00000465.jpg,PlasticBag
/content/drive/MyDrive/Datasets/PaperBag/00000437.jpg,PaperBag
/content/drive/MyDrive/Datasets/GarbageBag/00000082.jpg,GarbageBag
/content/drive/MyDrive/Datasets/PaperBag/00000393.jpg,PaperBag
/content/drive/MyDrive/Datasets/PlasticBag/00000431.jpg,PlasticBag
/content/drive/MyDrive/Datasets/PlasticBag/00000203.jpg,PlasticBag
/content/drive/MyDrive/Datasets/PaperBag/00000018.jpg,PaperBag
/content/drive/MyDrive/Datasets/PlasticBag/00000153.jpg,PlasticBag
/content/drive/MyDrive/Datasets/PaperBag/00000446.jpg,PaperBag
/content/drive/MyDrive/Datasets/PaperBag/00000197.jpg,PaperBag
/content/drive/MyDrive/Datasets/PaperBag/00000126.jpg,PaperBag
/content/drive/MyDrive/Datasets/PlasticBag/00000277.jpg,PlasticBag
/content/drive/MyDrive/Datasets/GarbageBag/00000438.jpg,GarbageBag
/content/drive/MyDrive/Datasets/PaperBag/00000349.jpg,PaperBag
/content/drive/MyDrive/Datasets/GarbageBag/00000468.jpg,GarbageBag
/content/drive/MyDrive/Datasets/PaperBag/00000245.jpg,PaperBag
/content/drive/MyDrive/Datasets/PaperBag/00000466.jpg,PaperBag
/content/drive/MyDrive/Datasets/PaperBag/00000386.jpg,PaperBag
/content/drive/MyDrive/Datasets/PlasticBag/00000149.jpg,PlasticBag
/content/drive/MyDrive/Datasets/GarbageBag/00000136.jpg,GarbageBag
/content/drive/MyDrive/Datasets/PaperBag/00000288.jpg,PaperBag
/content/drive/MyDrive/Datasets/PaperBag/00000015.jpg,PaperBag
/content/drive/MyDrive/Datasets/PlasticBag/00000302.jpg,PlasticBag
/content/drive/MyDrive/Datasets/PlasticBag/00000323.jpg,PlasticBag
/content/drive/MyDrive/Datasets/GarbageBag/00000132.jpg,GarbageBag
/content/drive/MyDrive/Datasets/PaperBag/00000299.jpg,PaperBag
/content/drive/MyDrive/Datasets/PlasticBag/00000122.jpg,PlasticBag
/content/drive/MyDrive/Datasets/PlasticBag/00000319.jpg,PlasticBag
/content/drive/MyDrive/Datasets/PlasticBag/00000418.jpg,PlasticBag
/content/drive/MyDrive/Datasets/GarbageBag/00000029.jpg,GarbageBag
/content/drive/MyDrive/Datasets/PaperBag/00000461.jpg,PaperBag
/content/drive/MyDrive/Datasets/PlasticBag/00000140.jpg,PlasticBag
/content/drive/MyDrive/Datasets/GarbageBag/00000209.jpg,GarbageBag
/content/drive/MyDrive/Datasets/PaperBag/00000260.jpg,PaperBag
/content/drive/MyDrive/Datasets/PaperBag/00000165.jpg,PaperBag
/content/drive/MyDrive/Datasets/PaperBag/00000371.jpg,PaperBag
/content/drive/MyDrive/Datasets/PaperBag/00000475.jpg,PaperBag
/content/drive/MyDrive/Datasets/GarbageBag/00000378.jpg,GarbageBag
/content/drive/MyDrive/Datasets/GarbageBag/00000470.jpg,GarbageBag
/content/drive/MyDrive/Datasets/PaperBag/00000352.jpg,PaperBag
/content/drive/MyDrive/Datasets/GarbageBag/00000299.jpg,GarbageBag
/content/drive/MyDrive/Datasets/PaperBag/00000146.jpg,PaperBag
/content/drive/MyDrive/Datasets/PaperBag/00000004.jpg,PaperBag
/content/drive/MyDrive/Datasets/PaperBag/00000045.jpg,PaperBag
/content/drive/MyDrive/Datasets/GarbageBag/00000056.jpg,GarbageBag
/content/drive/MyDrive/Datasets/PaperBag/00000345.jpg,PaperBag
/content/drive/MyDrive/Datasets/PlasticBag/00000184.jpg,PlasticBag
/content/drive/MyDrive/Datasets/GarbageBag/00000399.jpg,GarbageBag
/content/drive/MyDrive/Datasets/GarbageBag/00000151.jpg,GarbageBag
/content/drive/MyDrive/Datasets/PaperBag/00000039.jpg,PaperBag
/content/drive/MyDrive/Datasets/PlasticBag/00000109.jpg,PlasticBag
/content/drive/MyDrive/Datasets/GarbageBag/00000328.jpg,GarbageBag
/content/drive/MyDrive/Datasets/GarbageBag/00000012.jpg,GarbageBag
/content/drive/MyDrive/Datasets/PlasticBag/00000486.jpg,PlasticBag
/content/drive/MyDrive/Datasets/GarbageBag/00000061.jpg,GarbageBag
/content/drive/MyDrive/Datasets/PaperBag/00000490.jpg,PaperBag
/content/drive/MyDrive/Datasets/GarbageBag/00000304.jpg,GarbageBag
/content/drive/MyDrive/Datasets/PaperBag/00000160.jpg,PaperBag
/content/drive/MyDrive/Datasets/PlasticBag/00000378.jpg,PlasticBag
/content/drive/MyDrive/Datasets/GarbageBag/00000423.jpg,GarbageBag
/content/drive/MyDrive/Datasets/PaperBag/00000223.jpg,PaperBag
/content/drive/MyDrive/Datasets/PaperBag/00000438.jpg,PaperBag
/content/drive/MyDrive/Datasets/PaperBag/00000067.jpg,PaperBag
/content/drive/MyDrive/Datasets/GarbageBag/00000059.jpg,GarbageBag
/content/drive/MyDrive/Datasets/PaperBag/00000232.jpg,PaperBag
/content/drive/MyDrive/Datasets/GarbageBag/00000004.jpg,GarbageBag
/content/drive/MyDrive/Datasets/PaperBag/00000248.jpg,PaperBag
/content/drive/MyDrive/Datasets/GarbageBag/00000487.jpg,GarbageBag
/content/drive/MyDrive/Datasets/GarbageBag/00000473.jpg,GarbageBag
/content/drive/MyDrive/Datasets/PaperBag/00000061.jpg,PaperBag
/content/drive/MyDrive/Datasets/PaperBag/00000184.jpg,PaperBag
/content/drive/MyDrive/Datasets/PaperBag/00000022.jpg,PaperBag
/content/drive/MyDrive/Datasets/PlasticBag/00000227.jpg,PlasticBag
/content/drive/MyDrive/Datasets/PaperBag/00000132.jpg,PaperBag
/content/drive/MyDrive/Datasets/GarbageBag/00000185.jpg,GarbageBag
/content/drive/MyDrive/Datasets/GarbageBag/00000413.jpg,GarbageBag
/content/drive/MyDrive/Datasets/PlasticBag/00000261.jpg,PlasticBag
/content/drive/MyDrive/Datasets/PaperBag/00000084.jpg,PaperBag
/content/drive/MyDrive/Datasets/PlasticBag/00000226.jpg,PlasticBag
/content/drive/MyDrive/Datasets/PaperBag/00000376.jpg,PaperBag
/content/drive/MyDrive/Datasets/PaperBag/00000102.jpg,PaperBag
/content/drive/MyDrive/Datasets/PaperBag/00000285.jpg,PaperBag
/content/drive/MyDrive/Datasets/GarbageBag/00000467.jpg,GarbageBag
/content/drive/MyDrive/Datasets/PlasticBag/00000450.jpg,PlasticBag
/content/drive/MyDrive/Datasets/GarbageBag/00000433.jpg,GarbageBag
/content/drive/MyDrive/Datasets/GarbageBag/00000316.jpg,GarbageBag
/content/drive/MyDrive/Datasets/GarbageBag/00000341.jpg,GarbageBag
/content/drive/MyDrive/Datasets/PaperBag/00000364.jpg,PaperBag
/content/drive/MyDrive/Datasets/PaperBag/00000378.jpg,PaperBag
/content/drive/MyDrive/Datasets/PaperBag/00000228.jpg,PaperBag
/content/drive/MyDrive/Datasets/PlasticBag/00000078.jpg,PlasticBag
/content/drive/MyDrive/Datasets/PaperBag/00000338.jpg,PaperBag
/content/drive/MyDrive/Datasets/GarbageBag/00000100.jpg,GarbageBag
/content/drive/MyDrive/Datasets/PlasticBag/00000494.jpg,PlasticBag
/content/drive/MyDrive/Datasets/PlasticBag/00000103.jpg,PlasticBag
/content/drive/MyDrive/Datasets/GarbageBag/00000293.jpg,GarbageBag
/content/drive/MyDrive/Datasets/PaperBag/00000204.jpg,PaperBag
/content/drive/MyDrive/Datasets/PlasticBag/00000158.jpg,PlasticBag
/content/drive/MyDrive/Datasets/PlasticBag/00000242.jpg,PlasticBag
/content/drive/MyDrive/Datasets/GarbageBag/00000052.jpg,GarbageBag
/content/drive/MyDrive/Datasets/GarbageBag/00000486.jpg,GarbageBag
/content/drive/MyDrive/Datasets/PaperBag/00000164.jpg,PaperBag
/content/drive/MyDrive/Datasets/PlasticBag/00000289.jpg,PlasticBag
/content/drive/MyDrive/Datasets/GarbageBag/00000335.jpg,GarbageBag
/content/drive/MyDrive/Datasets/PlasticBag/00000021.jpg,PlasticBag
/content/drive/MyDrive/Datasets/GarbageBag/00000395.jpg,GarbageBag
/content/drive/MyDrive/Datasets/PlasticBag/00000351.jpg,PlasticBag
/content/drive/MyDrive/Datasets/PlasticBag/00000098.jpg,PlasticBag
/content/drive/MyDrive/Datasets/PlasticBag/00000415.jpg,PlasticBag
/content/drive/MyDrive/Datasets/PlasticBag/00000207.jpg,PlasticBag
/content/drive/MyDrive/Datasets/PlasticBag/00000371.jpg,PlasticBag
/content/drive/MyDrive/Datasets/PaperBag/00000441.jpg,PaperBag
/content/drive/MyDrive/Datasets/GarbageBag/00000246.jpg,GarbageBag
/content/drive/MyDrive/Datasets/GarbageBag/00000155.jpg,GarbageBag
/content/drive/MyDrive/Datasets/PlasticBag/00000094.jpg,PlasticBag
/content/drive/MyDrive/Datasets/GarbageBag/00000014.jpg,GarbageBag
/content/drive/MyDrive/Datasets/PaperBag/00000188.jpg,PaperBag
/content/drive/MyDrive/Datasets/GarbageBag/00000350.jpg,GarbageBag
/content/drive/MyDrive/Datasets/PlasticBag/00000389.jpg,PlasticBag
/content/drive/MyDrive/Datasets/GarbageBag/00000158.jpg,GarbageBag
/content/drive/MyDrive/Datasets/PlasticBag/00000499.jpg,PlasticBag
/content/drive/MyDrive/Datasets/PaperBag/00000153.jpg,PaperBag
/content/drive/MyDrive/Datasets/PaperBag/00000047.jpg,PaperBag
/content/drive/MyDrive/Datasets/PaperBag/00000286.jpg,PaperBag
/content/drive/MyDrive/Datasets/GarbageBag/00000410.jpg,GarbageBag
/content/drive/MyDrive/Datasets/GarbageBag/00000397.jpg,GarbageBag
/content/drive/MyDrive/Datasets/GarbageBag/00000354.jpg,GarbageBag
/content/drive/MyDrive/Datasets/PaperBag/00000239.jpg,PaperBag
/content/drive/MyDrive/Datasets/PlasticBag/00000202.jpg,PlasticBag
/content/drive/MyDrive/Datasets/PaperBag/00000091.jpg,PaperBag
/content/drive/MyDrive/Datasets/PlasticBag/00000474.jpg,PlasticBag
/content/drive/MyDrive/Datasets/PaperBag/00000361.jpg,PaperBag
/content/drive/MyDrive/Datasets/GarbageBag/00000113.jpg,GarbageBag
/content/drive/MyDrive/Datasets/GarbageBag/00000134.jpg,GarbageBag
/content/drive/MyDrive/Datasets/PaperBag/00000181.jpg,PaperBag
/content/drive/MyDrive/Datasets/PaperBag/00000301.jpg,PaperBag
/content/drive/MyDrive/Datasets/PlasticBag/00000192.jpg,PlasticBag
/content/drive/MyDrive/Datasets/PaperBag/00000006.jpg,PaperBag
/content/drive/MyDrive/Datasets/GarbageBag/00000443.jpg,GarbageBag
/content/drive/MyDrive/Datasets/PlasticBag/00000312.jpg,PlasticBag
/content/drive/MyDrive/Datasets/GarbageBag/00000015.jpg,GarbageBag
/content/drive/MyDrive/Datasets/PlasticBag/00000283.jpg,PlasticBag
/content/drive/MyDrive/Datasets/GarbageBag/00000075.jpg,GarbageBag
/content/drive/MyDrive/Datasets/PaperBag/00000127.jpg,PaperBag
/content/drive/MyDrive/Datasets/PaperBag/00000158.jpg,PaperBag
/content/drive/MyDrive/Datasets/GarbageBag/00000431.jpg,GarbageBag
/content/drive/MyDrive/Datasets/PaperBag/00000208.jpg,PaperBag
/content/drive/MyDrive/Datasets/GarbageBag/00000274.jpg,GarbageBag
/content/drive/MyDrive/Datasets/PaperBag/00000419.jpg,PaperBag
/content/drive/MyDrive/Datasets/PlasticBag/00000235.jpg,PlasticBag
/content/drive/MyDrive/Datasets/GarbageBag/00000159.jpg,GarbageBag
/content/drive/MyDrive/Datasets/PaperBag/00000174.jpg,PaperBag
/content/drive/MyDrive/Datasets/PlasticBag/00000115.jpg,PlasticBag
/content/drive/MyDrive/Datasets/GarbageBag/00000153.jpg,GarbageBag
/content/drive/MyDrive/Datasets/PaperBag/00000244.jpg,PaperBag
/content/drive/MyDrive/Datasets/PlasticBag/00000221.jpg,PlasticBag
/content/drive/MyDrive/Datasets/PaperBag/00000280.jpg,PaperBag
/content/drive/MyDrive/Datasets/PlasticBag/00000360.jpg,PlasticBag
/content/drive/MyDrive/Datasets/PlasticBag/00000011.jpg,PlasticBag
/content/drive/MyDrive/Datasets/GarbageBag/00000332.jpg,GarbageBag
/content/drive/MyDrive/Datasets/PaperBag/00000456.jpg,PaperBag
/content/drive/MyDrive/Datasets/PlasticBag/00000467.jpg,PlasticBag
/content/drive/MyDrive/Datasets/GarbageBag/00000284.jpg,GarbageBag
/content/drive/MyDrive/Datasets/PaperBag/00000211.jpg,PaperBag
/content/drive/MyDrive/Datasets/GarbageBag/00000071.jpg,GarbageBag
/content/drive/MyDrive/Datasets/PlasticBag/00000063.jpg,PlasticBag
/content/drive/MyDrive/Datasets/PlasticBag/00000134.jpg,PlasticBag
/content/drive/MyDrive/Datasets/GarbageBag/00000217.jpg,GarbageBag
/content/drive/MyDrive/Datasets/GarbageBag/00000019.jpg,GarbageBag
/content/drive/MyDrive/Datasets/PlasticBag/00000271.jpg,PlasticBag
/content/drive/MyDrive/Datasets/PaperBag/00000189.jpg,PaperBag
/content/drive/MyDrive/Datasets/PaperBag/00000413.jpg,PaperBag
/content/drive/MyDrive/Datasets/PlasticBag/00000058.jpg,PlasticBag
/content/drive/MyDrive/Datasets/PlasticBag/00000304.jpg,PlasticBag
/content/drive/MyDrive/Datasets/PlasticBag/00000097.jpg,PlasticBag
/content/drive/MyDrive/Datasets/GarbageBag/00000439.jpg,GarbageBag
/content/drive/MyDrive/Datasets/GarbageBag/00000417.jpg,GarbageBag
/content/drive/MyDrive/Datasets/GarbageBag/00000414.jpg,GarbageBag
/content/drive/MyDrive/Datasets/GarbageBag/00000371.jpg,GarbageBag
/content/drive/MyDrive/Datasets/PlasticBag/00000498.jpg,PlasticBag
/content/drive/MyDrive/Datasets/PaperBag/00000325.jpg,PaperBag
/content/drive/MyDrive/Datasets/GarbageBag/00000302.jpg,GarbageBag
/content/drive/MyDrive/Datasets/PlasticBag/00000429.jpg,PlasticBag
/content/drive/MyDrive/Datasets/PaperBag/00000007.jpg,PaperBag
/content/drive/MyDrive/Datasets/GarbageBag/00000494.jpg,GarbageBag
/content/drive/MyDrive/Datasets/PlasticBag/00000178.jpg,PlasticBag
/content/drive/MyDrive/Datasets/PlasticBag/00000167.jpg,PlasticBag
/content/drive/MyDrive/Datasets/PaperBag/00000104.jpg,PaperBag
/content/drive/MyDrive/Datasets/PlasticBag/00000001.jpg,PlasticBag
/content/drive/MyDrive/Datasets/PaperBag/00000395.jpg,PaperBag
/content/drive/MyDrive/Datasets/PaperBag/00000320.jpg,PaperBag
/content/drive/MyDrive/Datasets/GarbageBag/00000412.jpg,GarbageBag
/content/drive/MyDrive/Datasets/PlasticBag/00000382.jpg,PlasticBag
/content/drive/MyDrive/Datasets/GarbageBag/00000366.jpg,GarbageBag
/content/drive/MyDrive/Datasets/GarbageBag/00000068.jpg,GarbageBag
/content/drive/MyDrive/Datasets/PlasticBag/00000488.jpg,PlasticBag
/content/drive/MyDrive/Datasets/PaperBag/00000355.jpg,PaperBag
/content/drive/MyDrive/Datasets/PaperBag/00000114.jpg,PaperBag
/content/drive/MyDrive/Datasets/PaperBag/00000016.jpg,PaperBag
/content/drive/MyDrive/Datasets/GarbageBag/00000275.jpg,GarbageBag
/content/drive/MyDrive/Datasets/GarbageBag/00000140.jpg,GarbageBag
/content/drive/MyDrive/Datasets/PlasticBag/00000056.jpg,PlasticBag
/content/drive/MyDrive/Datasets/PlasticBag/00000366.jpg,PlasticBag
/content/drive/MyDrive/Datasets/GarbageBag/00000081.jpg,GarbageBag
/content/drive/MyDrive/Datasets/PlasticBag/00000338.jpg,PlasticBag
/content/drive/MyDrive/Datasets/PaperBag/00000387.jpg,PaperBag
/content/drive/MyDrive/Datasets/PlasticBag/00000455.jpg,PlasticBag
/content/drive/MyDrive/Datasets/PlasticBag/00000046.jpg,PlasticBag
/content/drive/MyDrive/Datasets/GarbageBag/00000493.jpg,GarbageBag
/content/drive/MyDrive/Datasets/PaperBag/00000399.jpg,PaperBag
/content/drive/MyDrive/Datasets/PaperBag/00000099.jpg,PaperBag
/content/drive/MyDrive/Datasets/PaperBag/00000263.jpg,PaperBag
/content/drive/MyDrive/Datasets/PaperBag/00000182.jpg,PaperBag
/content/drive/MyDrive/Datasets/PlasticBag/00000132.jpg,PlasticBag
/content/drive/MyDrive/Datasets/PlasticBag/00000129.jpg,PlasticBag
/content/drive/MyDrive/Datasets/PaperBag/00000233.jpg,PaperBag
/content/drive/MyDrive/Datasets/PlasticBag/00000352.jpg,PlasticBag
/content/drive/MyDrive/Datasets/PaperBag/00000051.jpg,PaperBag
/content/drive/MyDrive/Datasets/GarbageBag/00000375.jpg,GarbageBag
/content/drive/MyDrive/Datasets/PlasticBag/00000241.jpg,PlasticBag
/content/drive/MyDrive/Datasets/GarbageBag/00000484.jpg,GarbageBag
/content/drive/MyDrive/Datasets/GarbageBag/00000312.jpg,GarbageBag
/content/drive/MyDrive/Datasets/GarbageBag/00000103.jpg,GarbageBag
/content/drive/MyDrive/Datasets/GarbageBag/00000469.jpg,GarbageBag
/content/drive/MyDrive/Datasets/PlasticBag/00000468.jpg,PlasticBag
/content/drive/MyDrive/Datasets/PlasticBag/00000355.jpg,PlasticBag
/content/drive/MyDrive/Datasets/GarbageBag/00000379.jpg,GarbageBag
/content/drive/MyDrive/Datasets/GarbageBag/00000092.jpg,GarbageBag
/content/drive/MyDrive/Datasets/GarbageBag/00000402.jpg,GarbageBag
/content/drive/MyDrive/Datasets/PlasticBag/00000470.jpg,PlasticBag
/content/drive/MyDrive/Datasets/GarbageBag/00000171.jpg,GarbageBag
/content/drive/MyDrive/Datasets/PlasticBag/00000022.jpg,PlasticBag
/content/drive/MyDrive/Datasets/GarbageBag/00000289.jpg,GarbageBag
/content/drive/MyDrive/Datasets/PaperBag/00000168.jpg,PaperBag
/content/drive/MyDrive/Datasets/PlasticBag/00000091.jpg,PlasticBag
/content/drive/MyDrive/Datasets/GarbageBag/00000497.jpg,GarbageBag
/content/drive/MyDrive/Datasets/PaperBag/00000281.jpg,PaperBag
/content/drive/MyDrive/Datasets/PaperBag/00000207.jpg,PaperBag
/content/drive/MyDrive/Datasets/PlasticBag/00000246.jpg,PlasticBag
/content/drive/MyDrive/Datasets/PaperBag/00000058.jpg,PaperBag
/content/drive/MyDrive/Datasets/GarbageBag/00000130.jpg,GarbageBag
/content/drive/MyDrive/Datasets/PaperBag/00000420.jpg,PaperBag
/content/drive/MyDrive/Datasets/PlasticBag/00000297.jpg,PlasticBag
/content/drive/MyDrive/Datasets/GarbageBag/00000245.jpg,GarbageBag
/content/drive/MyDrive/Datasets/PlasticBag/00000430.jpg,PlasticBag
/content/drive/MyDrive/Datasets/GarbageBag/00000105.jpg,GarbageBag
/content/drive/MyDrive/Datasets/PlasticBag/00000258.jpg,PlasticBag
/content/drive/MyDrive/Datasets/PlasticBag/00000244.jpg,PlasticBag
/content/drive/MyDrive/Datasets/PlasticBag/00000353.jpg,PlasticBag
/content/drive/MyDrive/Datasets/PlasticBag/00000027.jpg,PlasticBag
/content/drive/MyDrive/Datasets/PaperBag/00000408.jpg,PaperBag
/content/drive/MyDrive/Datasets/PlasticBag/00000126.jpg,PlasticBag
/content/drive/MyDrive/Datasets/GarbageBag/00000086.jpg,GarbageBag
/content/drive/MyDrive/Datasets/GarbageBag/00000238.jpg,GarbageBag
/content/drive/MyDrive/Datasets/PlasticBag/00000067.jpg,PlasticBag
/content/drive/MyDrive/Datasets/PlasticBag/00000420.jpg,PlasticBag
/content/drive/MyDrive/Datasets/GarbageBag/00000178.jpg,GarbageBag
/content/drive/MyDrive/Datasets/PlasticBag/00000084.jpg,PlasticBag
/content/drive/MyDrive/Datasets/PaperBag/00000096.jpg,PaperBag
/content/drive/MyDrive/Datasets/GarbageBag/00000112.jpg,GarbageBag
/content/drive/MyDrive/Datasets/PaperBag/00000159.jpg,PaperBag
/content/drive/MyDrive/Datasets/PaperBag/00000275.jpg,PaperBag
/content/drive/MyDrive/Datasets/GarbageBag/00000083.jpg,GarbageBag
/content/drive/MyDrive/Datasets/PlasticBag/00000002.jpg,PlasticBag
/content/drive/MyDrive/Datasets/GarbageBag/00000432.jpg,GarbageBag
/content/drive/MyDrive/Datasets/GarbageBag/00000188.jpg,GarbageBag
/content/drive/MyDrive/Datasets/PlasticBag/00000399.jpg,PlasticBag
/content/drive/MyDrive/Datasets/PaperBag/00000366.jpg,PaperBag
/content/drive/MyDrive/Datasets/GarbageBag/00000224.jpg,GarbageBag
/content/drive/MyDrive/Datasets/PaperBag/00000359.jpg,PaperBag
/content/drive/MyDrive/Datasets/PlasticBag/00000380.jpg,PlasticBag
/content/drive/MyDrive/Datasets/GarbageBag/00000247.jpg,GarbageBag
/content/drive/MyDrive/Datasets/PaperBag/00000377.jpg,PaperBag
/content/drive/MyDrive/Datasets/GarbageBag/00000474.jpg,GarbageBag
/content/drive/MyDrive/Datasets/PlasticBag/00000356.jpg,PlasticBag
/content/drive/MyDrive/Datasets/GarbageBag/00000017.jpg,GarbageBag
/content/drive/MyDrive/Datasets/PaperBag/00000044.jpg,PaperBag
